id,data_inversa,uf,br,municipio,causa_acidente,tipo_acidente,classificacao_acidente,fase_dia,condicao_metereologica,tipo_pista,uso_solo,tipo_veiculo,estado_fisico,idade,sexo
359582,31/03/2008,RN,406,TAIPU,Animais na Pista,Atropelamento de animal,Com Vítimas Feridas,Plena noite,Chuva,Simples ,Rural ,Motocicletas,Ferido Leve ,42.0,Masculino
359609,31/03/2008,RN,101,NATAL,Falta de atenção,Colisão lateral,Sem Vítimas        ,Pleno dia,Chuva,Múltipla,Urbano,Automóvel,Ileso       ,41.0,Feminino
359609,31/03/2008,RN,101,NATAL,Falta de atenção,Colisão lateral,Sem Vítimas        ,Pleno dia,Chuva,Múltipla,Urbano,Automóvel,Ileso       ,53.0,Masculino
359615,27/03/2008,RN,226,BOM JESUS,Desobediência à sinalização,Colisão Transversal,Com Vítimas Feridas,Pleno dia,Ceu Claro,Simples ,Rural ,Caminhonete,Ferido Leve ,52.0,Masculino
359615,27/03/2008,RN,226,BOM JESUS,Desobediência à sinalização,Colisão Transversal,Com Vítimas Feridas,Pleno dia,Ceu Claro,Simples ,Rural ,Caminhão,Ileso       ,19.0,Masculino
359615,27/03/2008,RN,226,BOM JESUS,Desobediência à sinalização,Colisão Transversal,Com Vítimas Feridas,Pleno dia,Ceu Claro,Simples ,Rural ,Caminhonete,Ferido Grave,17.0,Masculino
359622,30/03/2008,RN,101,CANGUARETAMA,Velocidade incompatível,Tombamento,Com Vítimas Feridas,Plena noite,Chuva,Simples ,Rural ,Caminhão,Ileso       ,49.0,Masculino
359622,30/03/2008,RN,101,CANGUARETAMA,Velocidade incompatível,Tombamento,Com Vítimas Feridas,Plena noite,Chuva,Simples ,Rural ,Caminhão,Ferido Leve ,51.0,Masculino
359625,31/03/2008,RN,101,NATAL,Outras,Colisão Transversal,Sem Vítimas        ,Pleno dia,Chuva,Múltipla,Urbano,Microônibus,Ileso       ,32.0,Masculino
359625,31/03/2008,RN,101,NATAL,Outras,Colisão Transversal,Sem Vítimas        ,Pleno dia,Chuva,Múltipla,Urbano,Caminhonete,Ileso       ,32.0,Masculino
359631,31/03/2008,RN,101,SAO GONCALO DO AMARANTE,Não guardar distância de segurança,Colisão traseira,Sem Vítimas        ,Pleno dia,Nublado,Dupla   ,Urbano,Automóvel,Ileso       ,-1.0,Masculino
359631,31/03/2008,RN,101,SAO GONCALO DO AMARANTE,Não guardar distância de segurança,Colisão traseira,Sem Vítimas        ,Pleno dia,Nublado,Dupla   ,Urbano,Camioneta,Ileso       ,34.0,Masculino
359647,20/03/2008,RN,406,CEARA-MIRIM,Outras,Capotamento,Com Vítimas Feridas,Pleno dia,Chuva,Simples ,Rural ,Automóvel,Ferido Grave,60.0,Feminino
359647,20/03/2008,RN,406,CEARA-MIRIM,Outras,Capotamento,Com Vítimas Feridas,Pleno dia,Chuva,Simples ,Rural ,Automóvel,Ferido Grave,7.0,Feminino
359647,20/03/2008,RN,406,CEARA-MIRIM,Outras,Capotamento,Com Vítimas Feridas,Pleno dia,Chuva,Simples ,Rural ,Automóvel,Ferido Leve ,11.0,Masculino
359647,20/03/2008,RN,406,CEARA-MIRIM,Outras,Capotamento,Com Vítimas Feridas,Pleno dia,Chuva,Simples ,Rural ,Automóvel,Ferido Grave,21.0,Feminino
359647,20/03/2008,RN,406,CEARA-MIRIM,Outras,Capotamento,Com Vítimas Feridas,Pleno dia,Chuva,Simples ,Rural ,Automóvel,Ferido Leve ,0.0,Feminino
359792,04/02/2008,RN,110,MOSSORO,Desobediência à sinalização,Colisão Transversal,Com Vítimas Feridas,Pleno dia,Sol,Simples ,Urbano,Motocicletas,Ileso       ,65.0,Masculino
359792,04/02/2008,RN,110,MOSSORO,Desobediência à sinalização,Colisão Transversal,Com Vítimas Feridas,Pleno dia,Sol,Simples ,Urbano,Motoneta,Ferido Grave,45.0,Masculino
359860,27/03/2008,RN,101,SAO GONCALO DO AMARANTE,Ultrapassagem indevida,Colisão lateral,Com Vítimas Fatais ,Amanhecer,Ceu Claro,Dupla   ,Urbano,Motocicletas,Morto       ,28.0,Masculino
359860,27/03/2008,RN,101,SAO GONCALO DO AMARANTE,Ultrapassagem indevida,Colisão lateral,Com Vítimas Fatais ,Amanhecer,Ceu Claro,Dupla   ,Urbano,Ônibus,Ileso       ,45.0,Masculino
359860,27/03/2008,RN,101,SAO GONCALO DO AMARANTE,Ultrapassagem indevida,Colisão lateral,Com Vítimas Fatais ,Amanhecer,Ceu Claro,Dupla   ,Urbano,Bicicleta,Ferido Leve ,41.0,Masculino
360077,01/04/2008,RN,101,SAO GONCALO DO AMARANTE,Outras,Colisão lateral,Sem Vítimas        ,Anoitecer,Ceu Claro,Dupla   ,Urbano,Automóvel,Ileso       ,46.0,Masculino
360077,01/04/2008,RN,101,SAO GONCALO DO AMARANTE,Outras,Colisão lateral,Sem Vítimas        ,Anoitecer,Ceu Claro,Dupla   ,Urbano,Microônibus,Ileso       ,-1.0,Inválido
360218,01/04/2008,RN,101,NATAL,Falta de atenção,Colisão Transversal,Sem Vítimas        ,Anoitecer,Nublado,Dupla   ,Urbano,Automóvel,Ileso       ,39.0,Masculino
360218,01/04/2008,RN,101,NATAL,Falta de atenção,Colisão Transversal,Sem Vítimas        ,Anoitecer,Nublado,Dupla   ,Urbano,Caminhonete,Ileso       ,44.0,Masculino
360218,01/04/2008,RN,101,NATAL,Falta de atenção,Colisão Transversal,Sem Vítimas        ,Anoitecer,Nublado,Dupla   ,Urbano,Automóvel,Ileso       ,25.0,Masculino
360218,01/04/2008,RN,101,NATAL,Falta de atenção,Colisão Transversal,Sem Vítimas        ,Anoitecer,Nublado,Dupla   ,Urbano,Automóvel,Ileso       ,-1.0,Masculino
360257,29/03/2008,RN,101,NATAL,Falta de atenção,Colisão lateral,Sem Vítimas        ,Pleno dia,Sol,Múltipla,Urbano,Caminhão,Ileso       ,50.0,Masculino
360257,29/03/2008,RN,101,NATAL,Falta de atenção,Colisão lateral,Sem Vítimas        ,Pleno dia,Sol,Múltipla,Urbano,Automóvel,Ileso       ,20.0,Masculino
360261,30/03/2008,RN,101,SAO JOSE DE MIPIBU,Outras,Colisão frontal,Sem Vítimas        ,Plena noite,Chuva,Simples ,Rural ,Camioneta,Ileso       ,33.0,Masculino
360261,30/03/2008,RN,101,SAO JOSE DE MIPIBU,Outras,Colisão frontal,Sem Vítimas        ,Plena noite,Chuva,Simples ,Rural ,Automóvel,Ileso       ,26.0,Masculino
360267,02/04/2008,RN,101,SAO JOSE DE MIPIBU,Falta de atenção,Colisão traseira,Sem Vítimas        ,Pleno dia,Sol,Simples ,Rural ,Caminhão,Ileso       ,25.0,Masculino
360267,02/04/2008,RN,101,SAO JOSE DE MIPIBU,Falta de atenção,Colisão traseira,Sem Vítimas        ,Pleno dia,Sol,Simples ,Rural ,Automóvel,Ileso       ,48.0,Masculino
360267,02/04/2008,RN,101,SAO JOSE DE MIPIBU,Falta de atenção,Colisão traseira,Sem Vítimas        ,Pleno dia,Sol,Simples ,Rural ,Automóvel,Ileso       ,71.0,Masculino
360267,02/04/2008,RN,101,SAO JOSE DE MIPIBU,Falta de atenção,Colisão traseira,Sem Vítimas        ,Pleno dia,Sol,Simples ,Rural ,Camioneta,Ileso       ,41.0,Masculino
360327,02/04/2008,RN,406,JOAO CAMARA,Outras,Saída de Pista,Sem Vítimas        ,Pleno dia,Ceu Claro,Simples ,Rural ,Caminhonete,Ileso       ,26.0,Masculino
360329,29/03/2008,RN,101,NATAL,Não guardar distância de segurança,Colisão traseira,Sem Vítimas        ,Plena noite,Chuva,Dupla   ,Urbano,Automóvel,Ileso       ,28.0,Feminino
360329,29/03/2008,RN,101,NATAL,Não guardar distância de segurança,Colisão traseira,Sem Vítimas        ,Plena noite,Chuva,Dupla   ,Urbano,Automóvel,Ileso       ,31.0,Masculino
360329,29/03/2008,RN,101,NATAL,Não guardar distância de segurança,Colisão traseira,Sem Vítimas        ,Plena noite,Chuva,Dupla   ,Urbano,Caminhonete,Ileso       ,44.0,Masculino
360331,29/03/2008,RN,101,ARES,Outras,Atropelamento de pessoa,Com Vítimas Feridas,Plena noite,Nublado,Simples ,Urbano,Motocicletas,Ferido Grave,19.0,Masculino
360331,29/03/2008,RN,101,ARES,Outras,Atropelamento de pessoa,Com Vítimas Feridas,Plena noite,Nublado,Simples ,Urbano,(null),Ferido Grave,-1.0,Masculino
360366,30/03/2008,RN,101,CEARA-MIRIM,Outras,Saída de Pista,Com Vítimas Feridas,Plena noite,Chuva,Simples ,Urbano,Motocicletas,Ferido Grave,31.0,Masculino
360366,30/03/2008,RN,101,CEARA-MIRIM,Outras,Saída de Pista,Com Vítimas Feridas,Plena noite,Chuva,Simples ,Urbano,Motocicletas,Ferido Leve ,-1.0,Feminino
360368,30/03/2008,RN,101,NATAL,Não guardar distância de segurança,Colisão traseira,Sem Vítimas        ,Amanhecer,Chuva,Dupla   ,Urbano,Automóvel,Ileso       ,25.0,Masculino
360368,30/03/2008,RN,101,NATAL,Não guardar distância de segurança,Colisão traseira,Sem Vítimas        ,Amanhecer,Chuva,Dupla   ,Urbano,Automóvel,Ignorado    ,-1.0,Inválido
360490,02/04/2008,RN,101,NATAL,Falta de atenção,Colisão lateral,Sem Vítimas        ,Pleno dia,Sol,Múltipla,Urbano,Automóvel,Ileso       ,32.0,Masculino
360490,02/04/2008,RN,101,NATAL,Falta de atenção,Colisão lateral,Sem Vítimas        ,Pleno dia,Sol,Múltipla,Urbano,Caminhão-Trator,Ileso       ,31.0,Masculino
360610,22/03/2008,RN,101,NATAL,Outras,Colisão traseira,Sem Vítimas        ,Amanhecer,Chuva,Dupla   ,Urbano,Automóvel,Ileso       ,39.0,Masculino
360610,22/03/2008,RN,101,NATAL,Outras,Colisão traseira,Sem Vítimas        ,Amanhecer,Chuva,Dupla   ,Urbano,Automóvel,Ileso       ,53.0,Masculino
360615,29/03/2008,RN,427,JARDIM DO SERIDO,Outras,Capotamento,Com Vítimas Feridas,Plena noite,Nublado,Simples ,Rural ,Automóvel,Ferido Grave,17.0,Masculino
360615,29/03/2008,RN,427,JARDIM DO SERIDO,Outras,Capotamento,Com Vítimas Feridas,Plena noite,Nublado,Simples ,Rural ,Automóvel,Ferido Grave,16.0,Feminino
360615,29/03/2008,RN,427,JARDIM DO SERIDO,Outras,Capotamento,Com Vítimas Feridas,Plena noite,Nublado,Simples ,Rural ,Automóvel,Ferido Grave,14.0,Masculino
360615,29/03/2008,RN,427,JARDIM DO SERIDO,Outras,Capotamento,Com Vítimas Feridas,Plena noite,Nublado,Simples ,Rural ,Automóvel,Ferido Grave,17.0,Feminino
360716,03/04/2008,RN,101,PARNAMIRIM,Não guardar distância de segurança,Colisão traseira,Sem Vítimas        ,Pleno dia,Ceu Claro,Múltipla,Urbano,Automóvel,Ileso       ,40.0,Masculino
360716,03/04/2008,RN,101,PARNAMIRIM,Não guardar distância de segurança,Colisão traseira,Sem Vítimas        ,Pleno dia,Ceu Claro,Múltipla,Urbano,Caminhão-Trator,Ileso       ,26.0,Masculino
360754,03/04/2008,RN,101,SAO GONCALO DO AMARANTE,Falta de atenção,Colisão traseira,Sem Vítimas        ,Pleno dia,Nublado,Dupla   ,Urbano,Caminhonete,Ileso       ,39.0,Masculino
360754,03/04/2008,RN,101,SAO GONCALO DO AMARANTE,Falta de atenção,Colisão traseira,Sem Vítimas        ,Pleno dia,Nublado,Dupla   ,Urbano,Automóvel,Ileso       ,40.0,Masculino
360780,03/04/2008,RN,304,ITAJA,Falta de atenção,Colisão com objeto fixo,Sem Vítimas        ,Pleno dia,Nublado,Simples ,Rural ,Automóvel,Ileso       ,36.0,Masculino
360780,03/04/2008,RN,304,ITAJA,Falta de atenção,Colisão com objeto fixo,Sem Vítimas        ,Pleno dia,Nublado,Simples ,Rural ,Caminhão-Trator,Ignorado    ,28.0,Masculino
360783,03/04/2008,RN,101,NATAL,Falta de atenção,Colisão traseira,Sem Vítimas        ,Pleno dia,Sol,Múltipla,Urbano,Automóvel,Ileso       ,64.0,Feminino
360783,03/04/2008,RN,101,NATAL,Falta de atenção,Colisão traseira,Sem Vítimas        ,Pleno dia,Sol,Múltipla,Urbano,Automóvel,Ileso       ,32.0,Feminino
360793,30/03/2008,RN,405,APODI,Animais na Pista,Saída de Pista,Sem Vítimas        ,Plena noite,Chuva,Simples ,Rural ,Caminhonete,Ileso       ,64.0,Masculino
360798,20/03/2008,RN,101,NATAL,Outras,Colisão lateral,Sem Vítimas        ,Pleno dia,Ceu Claro,Dupla   ,Urbano,Caminhão-Trator,Ileso       ,38.0,Masculino
360798,20/03/2008,RN,101,NATAL,Outras,Colisão lateral,Sem Vítimas        ,Pleno dia,Ceu Claro,Dupla   ,Urbano,Automóvel,Ileso       ,33.0,Masculino
360807,03/04/2008,RN,101,NATAL,Falta de atenção,Colisão Transversal,Com Vítimas Feridas,Pleno dia,Nublado,Múltipla,Urbano,Automóvel,Ileso       ,32.0,Masculino
360807,03/04/2008,RN,101,NATAL,Falta de atenção,Colisão Transversal,Com Vítimas Feridas,Pleno dia,Nublado,Múltipla,Urbano,Motocicletas,Ferido Leve ,35.0,Masculino
360808,21/03/2008,RN,101,PARNAMIRIM,Outras,Saída de Pista,Com Vítimas Feridas,Plena noite,Chuva,Dupla   ,Urbano,Automóvel,Ferido Leve ,27.0,Masculino
360834,23/03/2008,RN,101,NATAL,Desobediência à sinalização,Colisão Transversal,Sem Vítimas        ,Plena noite,Nublado,Dupla   ,Urbano,Automóvel,Ileso       ,23.0,Masculino
360834,23/03/2008,RN,101,NATAL,Desobediência à sinalização,Colisão Transversal,Sem Vítimas        ,Plena noite,Nublado,Dupla   ,Urbano,Automóvel,Ileso       ,60.0,Masculino
360853,01/04/2008,RN,101,NATAL,Falta de atenção,Colisão traseira,Sem Vítimas        ,Pleno dia,Ceu Claro,Simples ,Urbano,Automóvel,Ileso       ,40.0,Feminino
360853,01/04/2008,RN,101,NATAL,Falta de atenção,Colisão traseira,Sem Vítimas        ,Pleno dia,Ceu Claro,Simples ,Urbano,Automóvel,Ileso       ,27.0,Feminino
360861,03/04/2008,RN,304,MOSSORO,Falta de atenção,Saída de Pista,Sem Vítimas        ,Plena noite,Chuva,Simples ,Rural ,Automóvel,Ileso       ,41.0,Masculino
360919,31/03/2008,RN,101,SAO JOSE DE MIPIBU,Falta de atenção,Colisão lateral,Sem Vítimas        ,Pleno dia,Chuva,Simples ,Rural ,Automóvel,Ileso       ,67.0,Masculino
360919,31/03/2008,RN,101,SAO JOSE DE MIPIBU,Falta de atenção,Colisão lateral,Sem Vítimas        ,Pleno dia,Chuva,Simples ,Rural ,Caminhão-Trator,Ileso       ,29.0,Masculino
360932,11/03/2008,RN,304,LAJES,Outras,Capotamento,Com Vítimas Feridas,Plena noite,Ceu Claro,Simples ,Rural ,Camioneta,Ferido Grave,48.0,Masculino
360932,11/03/2008,RN,304,LAJES,Outras,Capotamento,Com Vítimas Feridas,Plena noite,Ceu Claro,Simples ,Rural ,Camioneta,Ferido Leve ,32.0,Masculino
360941,31/03/2008,RN,304,MOSSORO,Falta de atenção,Colisão Transversal,Com Vítimas Feridas,Plena noite,Ceu Claro,Simples ,Urbano,Automóvel,Ileso       ,50.0,Masculino
360941,31/03/2008,RN,304,MOSSORO,Falta de atenção,Colisão Transversal,Com Vítimas Feridas,Plena noite,Ceu Claro,Simples ,Urbano,Motocicletas,Ferido Leve ,23.0,Masculino
360942,01/04/2008,RN,101,SAO JOSE DE MIPIBU,Falta de atenção,Colisão traseira,Sem Vítimas        ,Pleno dia,Nublado,Simples ,Rural ,Automóvel,Ileso       ,31.0,Masculino
360942,01/04/2008,RN,101,SAO JOSE DE MIPIBU,Falta de atenção,Colisão traseira,Sem Vítimas        ,Pleno dia,Nublado,Simples ,Rural ,Automóvel,Ileso       ,32.0,Masculino
360978,04/04/2008,RN,101,PARNAMIRIM,Outras,Colisão com objeto móvel,Sem Vítimas        ,Pleno dia,Sol,Dupla   ,Urbano,Ônibus,Ileso       ,-1.0,Masculino
360978,04/04/2008,RN,101,PARNAMIRIM,Outras,Colisão com objeto móvel,Sem Vítimas        ,Pleno dia,Sol,Dupla   ,Urbano,Caminhão,Ileso       ,21.0,Masculino
361009,04/04/2008,RN,101,NATAL,Outras,Colisão traseira,Com Vítimas Feridas,Pleno dia,Ceu Claro,Dupla   ,Urbano,Automóvel,Ileso       ,34.0,Masculino
361009,04/04/2008,RN,101,NATAL,Outras,Colisão traseira,Com Vítimas Feridas,Pleno dia,Ceu Claro,Dupla   ,Urbano,Motocicletas,Ferido Leve ,31.0,Masculino
361033,04/04/2008,RN,101,PARNAMIRIM,Outras,Colisão com objeto fixo,Sem Vítimas        ,Pleno dia,Ceu Claro,Dupla   ,Urbano,Caminhão-Trator,Ileso       ,42.0,Masculino
361088,01/04/2008,RN,101,PARNAMIRIM,Falta de atenção,Colisão Transversal,Com Vítimas Feridas,Pleno dia,Nublado,Dupla   ,Urbano,Motocicletas,Ferido Leve ,42.0,Masculino
361088,01/04/2008,RN,101,PARNAMIRIM,Falta de atenção,Colisão Transversal,Com Vítimas Feridas,Pleno dia,Nublado,Dupla   ,Urbano,Automóvel,Ileso       ,33.0,Feminino
361091,28/03/2008,RN,101,PARNAMIRIM,Não guardar distância de segurança,Colisão traseira,Sem Vítimas        ,Anoitecer,Chuva,Múltipla,Urbano,Automóvel,Ileso       ,29.0,Feminino
361091,28/03/2008,RN,101,PARNAMIRIM,Não guardar distância de segurança,Colisão traseira,Sem Vítimas        ,Anoitecer,Chuva,Múltipla,Urbano,Automóvel,Ileso       ,39.0,Masculino
361091,28/03/2008,RN,101,PARNAMIRIM,Não guardar distância de segurança,Colisão traseira,Sem Vítimas        ,Anoitecer,Chuva,Múltipla,Urbano,Camioneta,Ileso       ,49.0,Masculino
361134,04/04/2008,RN,101,NATAL,Não guardar distância de segurança,Colisão lateral,Sem Vítimas        ,Pleno dia,Ceu Claro,Dupla   ,Urbano,Automóvel,Ileso       ,37.0,Feminino
361134,04/04/2008,RN,101,NATAL,Não guardar distância de segurança,Colisão lateral,Sem Vítimas        ,Pleno dia,Ceu Claro,Dupla   ,Urbano,Automóvel,Ileso       ,27.0,Feminino
361152,04/04/2008,RN,101,SAO GONCALO DO AMARANTE,Outras,Colisão traseira,Com Vítimas Feridas,Plena noite,Ceu Claro,Dupla   ,Urbano,Motocicletas,Ferido Leve ,22.0,Masculino
361152,04/04/2008,RN,101,SAO GONCALO DO AMARANTE,Outras,Colisão traseira,Com Vítimas Feridas,Plena noite,Ceu Claro,Dupla   ,Urbano,Ônibus,Ileso       ,48.0,Masculino
361168,04/04/2008,RN,304,MOSSORO,Outras,Colisão lateral,Sem Vítimas        ,Anoitecer,Ceu Claro,Simples ,Urbano,Caminhão,Ileso       ,34.0,Masculino
361168,04/04/2008,RN,304,MOSSORO,Outras,Colisão lateral,Sem Vítimas        ,Anoitecer,Ceu Claro,Simples ,Urbano,Automóvel,Ileso       ,32.0,Masculino
361211,04/04/2008,RN,101,NATAL,Falta de atenção,Colisão traseira,Sem Vítimas        ,Pleno dia,Ceu Claro,Dupla   ,Urbano,Automóvel,Ileso       ,26.0,Masculino
361211,04/04/2008,RN,101,NATAL,Falta de atenção,Colisão traseira,Sem Vítimas        ,Pleno dia,Ceu Claro,Dupla   ,Urbano,Automóvel,Ileso       ,59.0,Masculino
361211,04/04/2008,RN,101,NATAL,Falta de atenção,Colisão traseira,Sem Vítimas        ,Pleno dia,Ceu Claro,Dupla   ,Urbano,Automóvel,Ileso       ,-1.0,Masculino
361253,03/04/2008,RN,101,NATAL,Falta de atenção,Colisão lateral,Sem Vítimas        ,Pleno dia,Ceu Claro,Simples ,Urbano,Automóvel,Ileso       ,43.0,Masculino
361253,03/04/2008,RN,101,NATAL,Falta de atenção,Colisão lateral,Sem Vítimas        ,Pleno dia,Ceu Claro,Simples ,Urbano,Automóvel,Ileso       ,35.0,Masculino
361317,04/04/2008,RN,226,BOM JESUS,Outras,Capotamento,Sem Vítimas        ,Pleno dia,Chuva,Simples ,Rural ,Automóvel,Ileso       ,34.0,Masculino
361324,04/04/2008,RN,101,NATAL,Falta de atenção,Colisão traseira,Sem Vítimas        ,Pleno dia,Ceu Claro,Dupla   ,Urbano,Automóvel,Ileso       ,54.0,Masculino
361324,04/04/2008,RN,101,NATAL,Falta de atenção,Colisão traseira,Sem Vítimas        ,Pleno dia,Ceu Claro,Dupla   ,Urbano,Ônibus,Ileso       ,24.0,Masculino
361324,04/04/2008,RN,101,NATAL,Falta de atenção,Colisão traseira,Sem Vítimas        ,Pleno dia,Ceu Claro,Dupla   ,Urbano,Caminhão,Ileso       ,20.0,Masculino
361326,04/04/2008,RN,101,NATAL,Falta de atenção,Colisão lateral,Sem Vítimas        ,Plena noite,Ceu Claro,Dupla   ,Urbano,Automóvel,Ileso       ,21.0,Masculino
361326,04/04/2008,RN,101,NATAL,Falta de atenção,Colisão lateral,Sem Vítimas        ,Plena noite,Ceu Claro,Dupla   ,Urbano,Automóvel,Ileso       ,50.0,Masculino
361437,05/04/2008,RN,101,NATAL,Outras,Colisão Transversal,Sem Vítimas        ,Pleno dia,Nublado,Dupla   ,Urbano,Ônibus,Ileso       ,32.0,Masculino
361437,05/04/2008,RN,101,NATAL,Outras,Colisão Transversal,Sem Vítimas        ,Pleno dia,Nublado,Dupla   ,Urbano,Caminhão,Ileso       ,50.0,Masculino
361558,05/04/2008,RN,101,EXTREMOZ,Falta de atenção,Colisão traseira,Com Vítimas Feridas,Pleno dia,Ceu Claro,Simples ,Rural ,Motocicletas,Ferido Leve ,33.0,Masculino
361558,05/04/2008,RN,101,EXTREMOZ,Falta de atenção,Colisão traseira,Com Vítimas Feridas,Pleno dia,Ceu Claro,Simples ,Rural ,Motocicletas,Ileso       ,31.0,Masculino
361591,01/04/2008,RN,304,MACAIBA,Falta de atenção,Colisão Transversal,Com Vítimas Feridas,Pleno dia,Ceu Claro,Dupla   ,Urbano,Motocicletas,Ferido Leve ,33.0,Masculino
361591,01/04/2008,RN,304,MACAIBA,Falta de atenção,Colisão Transversal,Com Vítimas Feridas,Pleno dia,Ceu Claro,Dupla   ,Urbano,Automóvel,Ileso       ,38.0,Feminino
361604,01/04/2008,RN,101,EXTREMOZ,Animais na Pista,Atropelamento de animal,Sem Vítimas        ,Anoitecer,Ceu Claro,Simples ,Rural ,Automóvel,Ileso       ,49.0,Masculino
361631,05/04/2008,RN,304,LAJES,Falta de atenção,Queda de motocicleta / bicicleta / veículo,Com Vítimas Feridas,Plena noite,Nublado,Simples ,Rural ,Motocicletas,Ferido Leve ,22.0,Masculino
361649,05/04/2008,RN,101,NATAL,Falta de atenção,Colisão Transversal,Com Vítimas Feridas,Pleno dia,Ceu Claro,Simples ,Urbano,Automóvel,Ileso       ,49.0,Masculino
361649,05/04/2008,RN,101,NATAL,Falta de atenção,Colisão Transversal,Com Vítimas Feridas,Pleno dia,Ceu Claro,Simples ,Urbano,Motocicletas,Ferido Leve ,-1.0,Masculino
361711,29/03/2008,RN,101,SAO JOSE DE MIPIBU,Velocidade incompatível,Colisão traseira,Com Vítimas Feridas,Amanhecer,Chuva,Simples ,Urbano,Automóvel,Ferido Leve ,24.0,Masculino
361711,29/03/2008,RN,101,SAO JOSE DE MIPIBU,Velocidade incompatível,Colisão traseira,Com Vítimas Feridas,Amanhecer,Chuva,Simples ,Urbano,Automóvel,Ileso       ,24.0,Feminino
361730,28/03/2008,RN,101,NATAL,Não guardar distância de segurança,Colisão traseira,Sem Vítimas        ,Pleno dia,Ceu Claro,Dupla   ,Urbano,Camioneta,Ileso       ,49.0,Masculino
361730,28/03/2008,RN,101,NATAL,Não guardar distância de segurança,Colisão traseira,Sem Vítimas        ,Pleno dia,Ceu Claro,Dupla   ,Urbano,Automóvel,Ileso       ,30.0,Masculino
361825,30/03/2008,RN,101,PARNAMIRIM,Desobediência à sinalização,Colisão Transversal,Sem Vítimas        ,Plena noite,Chuva,Dupla   ,Urbano,Automóvel,Ignorado    ,-1.0,Inválido
361825,30/03/2008,RN,101,PARNAMIRIM,Desobediência à sinalização,Colisão Transversal,Sem Vítimas        ,Plena noite,Chuva,Dupla   ,Urbano,Automóvel,Ileso       ,42.0,Masculino
361880,02/04/2008,RN,101,NATAL,Não guardar distância de segurança,Colisão traseira,Sem Vítimas        ,Plena noite,Ceu Claro,Dupla   ,Urbano,Automóvel,Ileso       ,31.0,Masculino
361880,02/04/2008,RN,101,NATAL,Não guardar distância de segurança,Colisão traseira,Sem Vítimas        ,Plena noite,Ceu Claro,Dupla   ,Urbano,Microônibus,Ileso       ,35.0,Masculino
361913,30/03/2008,RN,101,PARNAMIRIM,Defeito na via,Colisão Transversal,Com Vítimas Feridas,Amanhecer,Nublado,Dupla   ,Urbano,Automóvel,Ferido Leve ,23.0,Masculino
361913,30/03/2008,RN,101,PARNAMIRIM,Defeito na via,Colisão Transversal,Com Vítimas Feridas,Amanhecer,Nublado,Dupla   ,Urbano,Automóvel,Ileso       ,25.0,Masculino
361913,30/03/2008,RN,101,PARNAMIRIM,Defeito na via,Colisão Transversal,Com Vítimas Feridas,Amanhecer,Nublado,Dupla   ,Urbano,Motocicletas,Ileso       ,42.0,Masculino
361936,06/04/2008,RN,427,JARDIM DO SERIDO,Outras,Capotamento,Com Vítimas Feridas,Pleno dia,Sol,Simples ,Rural ,Automóvel,Ferido Leve ,24.0,Masculino
362072,06/04/2008,RN,101,NATAL,Falta de atenção,Colisão lateral,Sem Vítimas        ,Pleno dia,Sol,Múltipla,Urbano,Microônibus,Ileso       ,48.0,Masculino
362072,06/04/2008,RN,101,NATAL,Falta de atenção,Colisão lateral,Sem Vítimas        ,Pleno dia,Sol,Múltipla,Urbano,Automóvel,Ileso       ,29.0,Masculino
362087,02/04/2008,RN,101,PARNAMIRIM,Não guardar distância de segurança,Colisão traseira,Sem Vítimas        ,Plena noite,Nublado,Dupla   ,Urbano,Ônibus,Ileso       ,24.0,Masculino
362087,02/04/2008,RN,101,PARNAMIRIM,Não guardar distância de segurança,Colisão traseira,Sem Vítimas        ,Plena noite,Nublado,Dupla   ,Urbano,Automóvel,Ileso       ,81.0,Masculino
362366,29/03/2008,RN,101,SAO JOSE DE MIPIBU,Não guardar distância de segurança,Colisão traseira,Sem Vítimas        ,Amanhecer,Chuva,Simples ,Rural ,Automóvel,Ileso       ,31.0,Masculino
362366,29/03/2008,RN,101,SAO JOSE DE MIPIBU,Não guardar distância de segurança,Colisão traseira,Sem Vítimas        ,Amanhecer,Chuva,Simples ,Rural ,Automóvel,Ileso       ,26.0,Masculino
362452,04/04/2008,RN,226,TANGARA,Defeito mecânico em veículo,Tombamento,Sem Vítimas        ,Amanhecer,Ceu Claro,Simples ,Rural ,Caminhão,Ileso       ,20.0,Masculino
362452,04/04/2008,RN,226,TANGARA,Defeito mecânico em veículo,Tombamento,Sem Vítimas        ,Amanhecer,Ceu Claro,Simples ,Rural ,Caminhão,Ileso       ,30.0,Masculino
362488,07/04/2008,RN,406,CEARA-MIRIM,Falta de atenção,Colisão traseira,Sem Vítimas        ,Pleno dia,Chuva,Dupla   ,Rural ,Automóvel,Ileso       ,38.0,Feminino
362488,07/04/2008,RN,406,CEARA-MIRIM,Falta de atenção,Colisão traseira,Sem Vítimas        ,Pleno dia,Chuva,Dupla   ,Rural ,Caminhonete,Ileso       ,43.0,Masculino
362517,07/04/2008,RN,405,MOSSORO,Desobediência à sinalização,Colisão Transversal,Sem Vítimas        ,Plena noite,Ceu Claro,Dupla   ,Urbano,Automóvel,Ileso       ,23.0,Feminino
362517,07/04/2008,RN,405,MOSSORO,Desobediência à sinalização,Colisão Transversal,Sem Vítimas        ,Plena noite,Ceu Claro,Dupla   ,Urbano,Automóvel,Ileso       ,19.0,Masculino