id,data_inversa,uf,br,municipio,causa_acidente,tipo_acidente,classificacao_acidente,fase_dia,condicao_metereologica,tipo_pista,uso_solo,tipo_veiculo,estado_fisico,idade,sexo
382361,20/05/2008,RN,101,GOIANINHA,Não guardar distância de segurança,Colisão traseira,Sem Vítimas        ,Pleno dia,Ceu Claro,Simples ,Urbano,Ônibus,Ileso       ,35.0,Masculino
382361,20/05/2008,RN,101,GOIANINHA,Não guardar distância de segurança,Colisão traseira,Sem Vítimas        ,Pleno dia,Ceu Claro,Simples ,Urbano,Automóvel,Ileso       ,23.0,Masculino
382374,23/05/2008,RN,101,PARNAMIRIM,Falta de atenção,Colisão traseira,Sem Vítimas        ,Pleno dia,Ceu Claro,Dupla   ,Urbano,Automóvel,Ileso       ,26.0,Masculino
382374,23/05/2008,RN,101,PARNAMIRIM,Falta de atenção,Colisão traseira,Sem Vítimas        ,Pleno dia,Ceu Claro,Dupla   ,Urbano,Automóvel,Ileso       ,37.0,Masculino
382393,26/05/2008,RN,226,SERRA CAIADA,Desobediência à sinalização,Colisão frontal,Sem Vítimas        ,Amanhecer,Ceu Claro,Simples ,Rural ,Automóvel,Ileso       ,23.0,Masculino
382393,26/05/2008,RN,226,SERRA CAIADA,Desobediência à sinalização,Colisão frontal,Sem Vítimas        ,Amanhecer,Ceu Claro,Simples ,Rural ,Automóvel,Ileso       ,30.0,Masculino
382417,22/05/2008,RN,101,SAO GONCALO DO AMARANTE,Outras,Colisão Transversal,Com Vítimas Feridas,Pleno dia,Ceu Claro,Dupla   ,Urbano,Motocicletas,Ferido Leve ,36.0,Masculino
382417,22/05/2008,RN,101,SAO GONCALO DO AMARANTE,Outras,Colisão Transversal,Com Vítimas Feridas,Pleno dia,Ceu Claro,Dupla   ,Urbano,Automóvel,Ileso       ,-1.0,Inválido
382532,23/05/2008,RN,101,PARNAMIRIM,Não guardar distância de segurança,Colisão lateral,Sem Vítimas        ,Anoitecer,Ceu Claro,Dupla   ,Urbano,Camioneta,Ileso       ,-1.0,Masculino
382532,23/05/2008,RN,101,PARNAMIRIM,Não guardar distância de segurança,Colisão lateral,Sem Vítimas        ,Anoitecer,Ceu Claro,Dupla   ,Urbano,Automóvel,Ileso       ,45.0,Masculino
382532,23/05/2008,RN,101,PARNAMIRIM,Não guardar distância de segurança,Colisão lateral,Sem Vítimas        ,Anoitecer,Ceu Claro,Dupla   ,Urbano,Camioneta,Ileso       ,37.0,Masculino
382532,23/05/2008,RN,101,PARNAMIRIM,Não guardar distância de segurança,Colisão lateral,Sem Vítimas        ,Anoitecer,Ceu Claro,Dupla   ,Urbano,Caminhonete,Ileso       ,53.0,Masculino
382540,26/05/2008,RN,101,SAO GONCALO DO AMARANTE,Falta de atenção,Colisão lateral,Sem Vítimas        ,Pleno dia,Ceu Claro,Dupla   ,Urbano,Automóvel,Ileso       ,27.0,Masculino
382540,26/05/2008,RN,101,SAO GONCALO DO AMARANTE,Falta de atenção,Colisão lateral,Sem Vítimas        ,Pleno dia,Ceu Claro,Dupla   ,Urbano,Caminhão,Ignorado    ,-1.0,Inválido
382552,22/05/2008,RN,101,PARNAMIRIM,Falta de atenção,Colisão lateral,Sem Vítimas        ,Plena noite,Ceu Claro,Múltipla,Urbano,Automóvel,Ileso       ,29.0,Masculino
382552,22/05/2008,RN,101,PARNAMIRIM,Falta de atenção,Colisão lateral,Sem Vítimas        ,Plena noite,Ceu Claro,Múltipla,Urbano,Automóvel,Ignorado    ,-1.0,Masculino
382587,26/05/2008,RN,101,NATAL,Falta de atenção,Colisão traseira,Sem Vítimas        ,Plena noite,Ceu Claro,Dupla   ,Urbano,Automóvel,Ileso       ,36.0,Masculino
382587,26/05/2008,RN,101,NATAL,Falta de atenção,Colisão traseira,Sem Vítimas        ,Plena noite,Ceu Claro,Dupla   ,Urbano,Automóvel,Ileso       ,-1.0,Masculino
382602,16/05/2008,RN,101,NATAL,Outras,Atropelamento de pessoa,Com Vítimas Feridas,Anoitecer,Ceu Claro,Dupla   ,Urbano,Motocicletas,Ignorado    ,-1.0,Inválido
382602,16/05/2008,RN,101,NATAL,Outras,Atropelamento de pessoa,Com Vítimas Feridas,Anoitecer,Ceu Claro,Dupla   ,Urbano,(null),Ferido Grave,-1.0,Feminino
382726,19/05/2008,RN,101,PARNAMIRIM,Falta de atenção,Colisão traseira,Sem Vítimas        ,Anoitecer,Nublado,Dupla   ,Urbano,Automóvel,Ileso       ,33.0,Masculino
382726,19/05/2008,RN,101,PARNAMIRIM,Falta de atenção,Colisão traseira,Sem Vítimas        ,Anoitecer,Nublado,Dupla   ,Urbano,Automóvel,Ileso       ,-1.0,Masculino
382828,23/05/2008,RN,101,NATAL,Defeito mecânico em veículo,Danos Eventuais,Sem Vítimas        ,Pleno dia,Ceu Claro,Dupla   ,Urbano,Caminhão,Ileso       ,28.0,Masculino
382828,23/05/2008,RN,101,NATAL,Defeito mecânico em veículo,Danos Eventuais,Sem Vítimas        ,Pleno dia,Ceu Claro,Dupla   ,Urbano,Ônibus,Ileso       ,33.0,Masculino
382829,27/05/2008,RN,101,SAO GONCALO DO AMARANTE,Falta de atenção,Colisão lateral,Sem Vítimas        ,Pleno dia,Chuva,Dupla   ,Urbano,Automóvel,Ileso       ,34.0,Masculino
382829,27/05/2008,RN,101,SAO GONCALO DO AMARANTE,Falta de atenção,Colisão lateral,Sem Vítimas        ,Pleno dia,Chuva,Dupla   ,Urbano,Camioneta,Ileso       ,26.0,Masculino
382844,27/05/2008,RN,101,NATAL,Falta de atenção,Colisão traseira,Sem Vítimas        ,Pleno dia,Chuva,Dupla   ,Urbano,Automóvel,Ileso       ,57.0,Masculino
382844,27/05/2008,RN,101,NATAL,Falta de atenção,Colisão traseira,Sem Vítimas        ,Pleno dia,Chuva,Dupla   ,Urbano,Motocicletas,Ileso       ,27.0,Masculino
382864,21/05/2008,RN,406,SAO GONCALO DO AMARANTE,Falta de atenção,Colisão com bicicleta,Com Vítimas Feridas,Pleno dia,Sol,Simples ,Rural ,Motocicletas,Ferido Leve ,32.0,Masculino
382864,21/05/2008,RN,406,SAO GONCALO DO AMARANTE,Falta de atenção,Colisão com bicicleta,Com Vítimas Feridas,Pleno dia,Sol,Simples ,Rural ,Bicicleta,Ferido Grave,37.0,Masculino
382914,27/05/2008,RN,304,MOSSORO,Falta de atenção,Capotamento,Sem Vítimas        ,Pleno dia,Nublado,Simples ,Rural ,Camioneta,Ileso       ,36.0,Masculino
382914,27/05/2008,RN,304,MOSSORO,Falta de atenção,Capotamento,Sem Vítimas        ,Pleno dia,Nublado,Simples ,Rural ,Camioneta,Ileso       ,-1.0,Masculino
382936,22/05/2008,RN,101,PARNAMIRIM,Falta de atenção,Colisão Transversal,Sem Vítimas        ,Plena noite,Ceu Claro,Dupla   ,Urbano,Automóvel,Ileso       ,25.0,Masculino
382936,22/05/2008,RN,101,PARNAMIRIM,Falta de atenção,Colisão Transversal,Sem Vítimas        ,Plena noite,Ceu Claro,Dupla   ,Urbano,Automóvel,Ignorado    ,-1.0,Feminino
382936,22/05/2008,RN,101,PARNAMIRIM,Falta de atenção,Colisão Transversal,Sem Vítimas        ,Plena noite,Ceu Claro,Dupla   ,Urbano,Automóvel,Ignorado    ,-1.0,Masculino
382980,27/05/2008,RN,101,NATAL,Outras,Colisão traseira,Sem Vítimas        ,Pleno dia,Chuva,Dupla   ,Urbano,Camioneta,Ileso       ,61.0,Masculino
382980,27/05/2008,RN,101,NATAL,Outras,Colisão traseira,Sem Vítimas        ,Pleno dia,Chuva,Dupla   ,Urbano,Caminhão-Trator,Ileso       ,47.0,Masculino
382981,25/05/2008,RN,304,MOSSORO,Falta de atenção,Tombamento,Com Vítimas Feridas,Plena noite,Ceu Claro,Simples ,Urbano,Motoneta,Ferido Leve ,26.0,Masculino
382997,25/05/2008,RN,304,ASSU,Defeito na via,Tombamento,Sem Vítimas        ,Pleno dia,Ceu Claro,Simples ,Rural ,Automóvel,Ileso       ,25.0,Masculino
383002,27/05/2008,RN,101,PARNAMIRIM,Outras,Colisão com objeto fixo,Com Vítimas Feridas,Plena noite,Nublado,Dupla   ,Urbano,Camioneta,Ferido Leve ,45.0,Masculino
383028,27/05/2008,RN,304,MOSSORO,Desobediência à sinalização,Colisão Transversal,Com Vítimas Feridas,Pleno dia,Ceu Claro,Simples ,Urbano,Caminhão-Trator,Ileso       ,58.0,Masculino
383028,27/05/2008,RN,304,MOSSORO,Desobediência à sinalização,Colisão Transversal,Com Vítimas Feridas,Pleno dia,Ceu Claro,Simples ,Urbano,Automóvel,Ferido Grave,23.0,Inválido
383103,26/05/2008,RN,101,SAO GONCALO DO AMARANTE,Não guardar distância de segurança,Colisão traseira,Com Vítimas Feridas,Pleno dia,Ceu Claro,Simples ,Urbano,Ônibus,Ileso       ,32.0,Masculino
383103,26/05/2008,RN,101,SAO GONCALO DO AMARANTE,Não guardar distância de segurança,Colisão traseira,Com Vítimas Feridas,Pleno dia,Ceu Claro,Simples ,Urbano,Ônibus,Ferido Leve ,-1.0,Feminino
383103,26/05/2008,RN,101,SAO GONCALO DO AMARANTE,Não guardar distância de segurança,Colisão traseira,Com Vítimas Feridas,Pleno dia,Ceu Claro,Simples ,Urbano,Microônibus,Ileso       ,-1.0,Masculino
383103,26/05/2008,RN,101,SAO GONCALO DO AMARANTE,Não guardar distância de segurança,Colisão traseira,Com Vítimas Feridas,Pleno dia,Ceu Claro,Simples ,Urbano,Microônibus,Ferido Leve ,-1.0,Feminino
383103,26/05/2008,RN,101,SAO GONCALO DO AMARANTE,Não guardar distância de segurança,Colisão traseira,Com Vítimas Feridas,Pleno dia,Ceu Claro,Simples ,Urbano,Ônibus,Ileso       ,35.0,Masculino
383103,26/05/2008,RN,101,SAO GONCALO DO AMARANTE,Não guardar distância de segurança,Colisão traseira,Com Vítimas Feridas,Pleno dia,Ceu Claro,Simples ,Urbano,Ônibus,Ferido Leve ,-1.0,Feminino
383103,26/05/2008,RN,101,SAO GONCALO DO AMARANTE,Não guardar distância de segurança,Colisão traseira,Com Vítimas Feridas,Pleno dia,Ceu Claro,Simples ,Urbano,Ônibus,Ferido Leve ,-1.0,Feminino
383103,26/05/2008,RN,101,SAO GONCALO DO AMARANTE,Não guardar distância de segurança,Colisão traseira,Com Vítimas Feridas,Pleno dia,Ceu Claro,Simples ,Urbano,Ônibus,Ferido Leve ,-1.0,Masculino
383135,21/05/2008,RN,101,PARNAMIRIM,Outras,Atropelamento de pessoa,Com Vítimas Feridas,Pleno dia,Ceu Claro,Dupla   ,Urbano,Caminhonete,Ileso       ,24.0,Masculino
383135,21/05/2008,RN,101,PARNAMIRIM,Outras,Atropelamento de pessoa,Com Vítimas Feridas,Pleno dia,Ceu Claro,Dupla   ,Urbano,(null),Ferido Leve ,25.0,Feminino
383202,24/05/2008,RN,101,GOIANINHA,Defeito mecânico em veículo,Capotamento,Com Vítimas Fatais ,Pleno dia,Ceu Claro,Simples ,Rural ,Caminhão,Ferido Leve ,62.0,Masculino
383202,24/05/2008,RN,101,GOIANINHA,Defeito mecânico em veículo,Capotamento,Com Vítimas Fatais ,Pleno dia,Ceu Claro,Simples ,Rural ,Caminhão,Ferido Grave,26.0,Masculino
383202,24/05/2008,RN,101,GOIANINHA,Defeito mecânico em veículo,Capotamento,Com Vítimas Fatais ,Pleno dia,Ceu Claro,Simples ,Rural ,Caminhão,Ferido Leve ,28.0,Feminino
383202,24/05/2008,RN,101,GOIANINHA,Defeito mecânico em veículo,Capotamento,Com Vítimas Fatais ,Pleno dia,Ceu Claro,Simples ,Rural ,Caminhão,Morto       ,29.0,Masculino
383244,17/05/2008,RN,101,SAO GONCALO DO AMARANTE,Outras,Colisão traseira,Sem Vítimas        ,Plena noite,Ceu Claro,Múltipla,Urbano,Automóvel,Ileso       ,20.0,Masculino
383244,17/05/2008,RN,101,SAO GONCALO DO AMARANTE,Outras,Colisão traseira,Sem Vítimas        ,Plena noite,Ceu Claro,Múltipla,Urbano,Caminhonete,Ileso       ,41.0,Masculino
383380,20/05/2008,RN,101,NATAL,Falta de atenção,Colisão traseira,Sem Vítimas        ,Pleno dia,Ceu Claro,Dupla   ,Urbano,Automóvel,Ileso       ,28.0,Masculino
383380,20/05/2008,RN,101,NATAL,Falta de atenção,Colisão traseira,Sem Vítimas        ,Pleno dia,Ceu Claro,Dupla   ,Urbano,Automóvel,Ileso       ,20.0,Feminino
383398,28/05/2008,RN,101,NATAL,Não guardar distância de segurança,Colisão traseira,Com Vítimas Feridas,Pleno dia,Ceu Claro,Dupla   ,Urbano,Automóvel,Ignorado    ,-1.0,Inválido
383398,28/05/2008,RN,101,NATAL,Não guardar distância de segurança,Colisão traseira,Com Vítimas Feridas,Pleno dia,Ceu Claro,Dupla   ,Urbano,Automóvel,Ferido Leve ,31.0,Masculino
383398,28/05/2008,RN,101,NATAL,Não guardar distância de segurança,Colisão traseira,Com Vítimas Feridas,Pleno dia,Ceu Claro,Dupla   ,Urbano,Ônibus,Ileso       ,35.0,Masculino
383398,28/05/2008,RN,101,NATAL,Não guardar distância de segurança,Colisão traseira,Com Vítimas Feridas,Pleno dia,Ceu Claro,Dupla   ,Urbano,Automóvel,Ileso       ,44.0,Masculino
383402,28/05/2008,RN,226,NATAL,Animais na Pista,Atropelamento de animal,Com Vítimas Feridas,Plena noite,Ceu Claro,Simples ,Urbano,Motocicletas,Ferido Grave,25.0,Masculino
383402,28/05/2008,RN,226,NATAL,Animais na Pista,Atropelamento de animal,Com Vítimas Feridas,Plena noite,Ceu Claro,Simples ,Urbano,Motocicletas,Ileso       ,33.0,Masculino
383483,25/05/2008,RN,304,MOSSORO,Velocidade incompatível,Colisão lateral,Ignorado           ,Plena noite,Ceu Claro,Simples ,Rural ,Automóvel,Ignorado    ,-1.0,Inválido
383483,25/05/2008,RN,304,MOSSORO,Velocidade incompatível,Colisão lateral,Ignorado           ,Plena noite,Ceu Claro,Simples ,Rural ,Não identificado,Ignorado    ,-1.0,Inválido
383514,28/05/2008,RN,304,MOSSORO,Desobediência à sinalização,Colisão Transversal,Com Vítimas Feridas,Amanhecer,Ceu Claro,Simples ,Urbano,Caminhão,Ileso       ,37.0,Masculino
383514,28/05/2008,RN,304,MOSSORO,Desobediência à sinalização,Colisão Transversal,Com Vítimas Feridas,Amanhecer,Ceu Claro,Simples ,Urbano,Microônibus,Ileso       ,46.0,Masculino
383514,28/05/2008,RN,304,MOSSORO,Desobediência à sinalização,Colisão Transversal,Com Vítimas Feridas,Amanhecer,Ceu Claro,Simples ,Urbano,Microônibus,Ferido Leve ,-1.0,Masculino
383516,25/05/2008,RN,304,MOSSORO,Outras,Saída de Pista,Ignorado           ,Plena noite,Ceu Claro,Simples ,Urbano,Utilitário,Ignorado    ,-1.0,Inválido
383533,21/05/2008,RN,101,PARNAMIRIM,Falta de atenção,Colisão lateral,Sem Vítimas        ,Plena noite,Ceu Claro,Dupla   ,Urbano,Ônibus,Ileso       ,26.0,Masculino
383533,21/05/2008,RN,101,PARNAMIRIM,Falta de atenção,Colisão lateral,Sem Vítimas        ,Plena noite,Ceu Claro,Dupla   ,Urbano,Automóvel,Ileso       ,54.0,Masculino
383545,26/05/2008,RN,304,RIACHUELO,Ultrapassagem indevida,Saída de Pista,Sem Vítimas        ,Plena noite,Ceu Claro,Simples ,Rural ,Caminhão-Trator,Ileso       ,49.0,Masculino
383545,26/05/2008,RN,304,RIACHUELO,Ultrapassagem indevida,Saída de Pista,Sem Vítimas        ,Plena noite,Ceu Claro,Simples ,Rural ,Caminhão,Ileso       ,-1.0,Inválido
383550,24/05/2008,RN,101,NATAL,Falta de atenção,Colisão traseira,Sem Vítimas        ,Pleno dia,Ceu Claro,Simples ,Urbano,Automóvel,Ileso       ,28.0,Masculino
383550,24/05/2008,RN,101,NATAL,Falta de atenção,Colisão traseira,Sem Vítimas        ,Pleno dia,Ceu Claro,Simples ,Urbano,Automóvel,Ileso       ,39.0,Feminino
383557,22/05/2008,RN,304,MACAIBA,Falta de atenção,Colisão frontal,Com Vítimas Feridas,Pleno dia,Ceu Claro,Simples ,Rural ,Automóvel,Ferido Grave,28.0,Masculino
383557,22/05/2008,RN,304,MACAIBA,Falta de atenção,Colisão frontal,Com Vítimas Feridas,Pleno dia,Ceu Claro,Simples ,Rural ,Automóvel,Ferido Grave,21.0,Masculino
383557,22/05/2008,RN,304,MACAIBA,Falta de atenção,Colisão frontal,Com Vítimas Feridas,Pleno dia,Ceu Claro,Simples ,Rural ,Caminhão,Ferido Leve ,29.0,Masculino
383557,22/05/2008,RN,304,MACAIBA,Falta de atenção,Colisão frontal,Com Vítimas Feridas,Pleno dia,Ceu Claro,Simples ,Rural ,Automóvel,Ileso       ,27.0,Masculino
383612,26/05/2008,RN,101,PARNAMIRIM,Não guardar distância de segurança,Colisão traseira,Sem Vítimas        ,Pleno dia,Ceu Claro,Dupla   ,Urbano,Camioneta,Ileso       ,22.0,Masculino
383612,26/05/2008,RN,101,PARNAMIRIM,Não guardar distância de segurança,Colisão traseira,Sem Vítimas        ,Pleno dia,Ceu Claro,Dupla   ,Urbano,Caminhão,Ileso       ,34.0,Masculino
383693,29/05/2008,RN,304,MOSSORO,Falta de atenção,Colisão traseira,Sem Vítimas        ,Pleno dia,Ceu Claro,Simples ,Urbano,Automóvel,Ileso       ,47.0,Masculino
383693,29/05/2008,RN,304,MOSSORO,Falta de atenção,Colisão traseira,Sem Vítimas        ,Pleno dia,Ceu Claro,Simples ,Urbano,Caminhonete,Ileso       ,36.0,Masculino
383752,29/05/2008,RN,101,NATAL,Outras,Colisão traseira,Com Vítimas Feridas,Pleno dia,Ceu Claro,Dupla   ,Urbano,Automóvel,Ileso       ,34.0,Feminino
383752,29/05/2008,RN,101,NATAL,Outras,Colisão traseira,Com Vítimas Feridas,Pleno dia,Ceu Claro,Dupla   ,Urbano,Motocicletas,Ferido Leve ,35.0,Masculino
383752,29/05/2008,RN,101,NATAL,Outras,Colisão traseira,Com Vítimas Feridas,Pleno dia,Ceu Claro,Dupla   ,Urbano,Automóvel,Ileso       ,21.0,Masculino
383775,29/05/2008,RN,304,ANGICOS,Ultrapassagem indevida,Colisão frontal,Com Vítimas Fatais ,Pleno dia,Sol,Simples ,Rural ,Automóvel,Morto       ,57.0,Masculino
383775,29/05/2008,RN,304,ANGICOS,Ultrapassagem indevida,Colisão frontal,Com Vítimas Fatais ,Pleno dia,Sol,Simples ,Rural ,Automóvel,Morto       ,57.0,Masculino
383775,29/05/2008,RN,304,ANGICOS,Ultrapassagem indevida,Colisão frontal,Com Vítimas Fatais ,Pleno dia,Sol,Simples ,Rural ,Caminhonete,Ferido Leve ,27.0,Masculino
383861,29/05/2008,RN,101,CANGUARETAMA,Falta de atenção,Colisão traseira,Sem Vítimas        ,Plena noite,Chuva,Dupla   ,Urbano,Automóvel,Ileso       ,35.0,Masculino
383861,29/05/2008,RN,101,CANGUARETAMA,Falta de atenção,Colisão traseira,Sem Vítimas        ,Plena noite,Chuva,Dupla   ,Urbano,Automóvel,Ileso       ,31.0,Masculino
383973,30/05/2008,RN,304,MACAIBA,Não guardar distância de segurança,Colisão traseira,Sem Vítimas        ,Pleno dia,Nublado,Dupla   ,Rural ,Automóvel,Ileso       ,43.0,Feminino
383973,30/05/2008,RN,304,MACAIBA,Não guardar distância de segurança,Colisão traseira,Sem Vítimas        ,Pleno dia,Nublado,Dupla   ,Rural ,Camioneta,Ileso       ,49.0,Masculino
383980,26/05/2008,RN,101,NATAL,Falta de atenção,Colisão traseira,Sem Vítimas        ,Anoitecer,Ceu Claro,Múltipla,Urbano,Microônibus,Ileso       ,28.0,Masculino
383980,26/05/2008,RN,101,NATAL,Falta de atenção,Colisão traseira,Sem Vítimas        ,Anoitecer,Ceu Claro,Múltipla,Urbano,Microônibus,Ileso       ,26.0,Masculino
383980,26/05/2008,RN,101,NATAL,Falta de atenção,Colisão traseira,Sem Vítimas        ,Anoitecer,Ceu Claro,Múltipla,Urbano,Automóvel,Ileso       ,32.0,Masculino
383980,26/05/2008,RN,101,NATAL,Falta de atenção,Colisão traseira,Sem Vítimas        ,Anoitecer,Ceu Claro,Múltipla,Urbano,Automóvel,Ileso       ,48.0,Feminino
383980,26/05/2008,RN,101,NATAL,Falta de atenção,Colisão traseira,Sem Vítimas        ,Anoitecer,Ceu Claro,Múltipla,Urbano,Automóvel,Ileso       ,42.0,Masculino
383983,30/05/2008,RN,101,NATAL,Não guardar distância de segurança,Colisão traseira,Sem Vítimas        ,Pleno dia,Nublado,Múltipla,Urbano,Automóvel,Ileso       ,29.0,Feminino
383983,30/05/2008,RN,101,NATAL,Não guardar distância de segurança,Colisão traseira,Sem Vítimas        ,Pleno dia,Nublado,Múltipla,Urbano,Automóvel,Ileso       ,58.0,Masculino
383983,30/05/2008,RN,101,NATAL,Não guardar distância de segurança,Colisão traseira,Sem Vítimas        ,Pleno dia,Nublado,Múltipla,Urbano,Camioneta,Ignorado    ,-1.0,Masculino
383986,06/05/2008,RN,101,SAO GONCALO DO AMARANTE,Falta de atenção,Colisão lateral,Sem Vítimas        ,Pleno dia,Ceu Claro,Dupla   ,Urbano,Motoneta,Ileso       ,33.0,Masculino
383986,06/05/2008,RN,101,SAO GONCALO DO AMARANTE,Falta de atenção,Colisão lateral,Sem Vítimas        ,Pleno dia,Ceu Claro,Dupla   ,Urbano,Camioneta,Ileso       ,1.0,Masculino
384002,30/05/2008,RN,101,GOIANINHA,Falta de atenção,Colisão traseira,Sem Vítimas        ,Plena noite,Nevoeiro/neblina,Simples ,Rural ,Automóvel,Ileso       ,51.0,Masculino
384002,30/05/2008,RN,101,GOIANINHA,Falta de atenção,Colisão traseira,Sem Vítimas        ,Plena noite,Nevoeiro/neblina,Simples ,Rural ,Automóvel,Ileso       ,22.0,Masculino
384003,26/05/2008,RN,226,NATAL,Falta de atenção,Colisão Transversal,Com Vítimas Feridas,Pleno dia,Ceu Claro,Simples ,Urbano,Camioneta,Ileso       ,60.0,Masculino
384003,26/05/2008,RN,226,NATAL,Falta de atenção,Colisão Transversal,Com Vítimas Feridas,Pleno dia,Ceu Claro,Simples ,Urbano,Motocicletas,Ferido Grave,35.0,Masculino
384022,15/04/2008,RN,101,NATAL,Falta de atenção,Colisão traseira,Sem Vítimas        ,Plena noite,Ceu Claro,Múltipla,Urbano,Automóvel,Ileso       ,44.0,Masculino
384022,15/04/2008,RN,101,NATAL,Falta de atenção,Colisão traseira,Sem Vítimas        ,Plena noite,Ceu Claro,Múltipla,Urbano,Automóvel,Ileso       ,37.0,Masculino
384022,15/04/2008,RN,101,NATAL,Falta de atenção,Colisão traseira,Sem Vítimas        ,Plena noite,Ceu Claro,Múltipla,Urbano,Caminhão,Ileso       ,40.0,Masculino
384032,24/05/2008,RN,101,NATAL,Falta de atenção,Colisão traseira,Com Vítimas Feridas,Pleno dia,Ceu Claro,Simples ,Urbano,Motocicletas,Ferido Leve ,23.0,Masculino
384032,24/05/2008,RN,101,NATAL,Falta de atenção,Colisão traseira,Com Vítimas Feridas,Pleno dia,Ceu Claro,Simples ,Urbano,Motoneta,Ferido Leve ,24.0,Masculino
384033,26/05/2008,RN,101,NATAL,Falta de atenção,Colisão Transversal,Sem Vítimas        ,Plena noite,Ceu Claro,Simples ,Urbano,Automóvel,Ileso       ,45.0,Masculino
384033,26/05/2008,RN,101,NATAL,Falta de atenção,Colisão Transversal,Sem Vítimas        ,Plena noite,Ceu Claro,Simples ,Urbano,Automóvel,Ileso       ,47.0,Feminino
384036,30/05/2008,RN,101,NATAL,Falta de atenção,Colisão traseira,Sem Vítimas        ,Pleno dia,Ceu Claro,Dupla   ,Urbano,Caminhonete,Ileso       ,26.0,Feminino
384036,30/05/2008,RN,101,NATAL,Falta de atenção,Colisão traseira,Sem Vítimas        ,Pleno dia,Ceu Claro,Dupla   ,Urbano,Automóvel,Ileso       ,45.0,Masculino
384045,30/05/2008,RN,226,NATAL,Animais na Pista,Atropelamento de animal,Com Vítimas Feridas,Pleno dia,Nublado,Simples ,Urbano,Automóvel,Ileso       ,21.0,Masculino
384045,30/05/2008,RN,226,NATAL,Animais na Pista,Atropelamento de animal,Com Vítimas Feridas,Pleno dia,Nublado,Simples ,Urbano,(null),Ferido Grave,67.0,Masculino
384065,30/05/2008,RN,101,NATAL,Outras,Colisão traseira,Sem Vítimas        ,Pleno dia,Nublado,Dupla   ,Urbano,Automóvel,Ileso       ,32.0,Masculino
384065,30/05/2008,RN,101,NATAL,Outras,Colisão traseira,Sem Vítimas        ,Pleno dia,Nublado,Dupla   ,Urbano,Microônibus,Ileso       ,56.0,Masculino
384069,30/05/2008,RN,304,MACAIBA,Falta de atenção,Colisão traseira,Sem Vítimas        ,Pleno dia,Chuva,Simples ,Rural ,Automóvel,Ileso       ,57.0,Masculino
384069,30/05/2008,RN,304,MACAIBA,Falta de atenção,Colisão traseira,Sem Vítimas        ,Pleno dia,Chuva,Simples ,Rural ,Caminhonete,Ileso       ,39.0,Masculino
384088,23/05/2008,RN,101,NATAL,Outras,Colisão traseira,Sem Vítimas        ,Pleno dia,Ceu Claro,Dupla   ,Urbano,Automóvel,Ileso       ,26.0,Masculino
384088,23/05/2008,RN,101,NATAL,Outras,Colisão traseira,Sem Vítimas        ,Pleno dia,Ceu Claro,Dupla   ,Urbano,Automóvel,Ileso       ,46.0,Masculino
384143,30/05/2008,RN,101,NATAL,Falta de atenção,Colisão lateral,Sem Vítimas        ,Plena noite,Chuva,Dupla   ,Urbano,Automóvel,Ileso       ,27.0,Masculino
384143,30/05/2008,RN,101,NATAL,Falta de atenção,Colisão lateral,Sem Vítimas        ,Plena noite,Chuva,Dupla   ,Urbano,Caminhão,Ileso       ,30.0,Feminino
384182,30/05/2008,RN,405,APODI,Ingestão de álcool,Colisão lateral,Com Vítimas Feridas,Pleno dia,Ceu Claro,Simples ,Rural ,Caminhão-Trator,Ileso       ,31.0,Masculino
384182,30/05/2008,RN,405,APODI,Ingestão de álcool,Colisão lateral,Com Vítimas Feridas,Pleno dia,Ceu Claro,Simples ,Rural ,Bicicleta,Ferido Grave,58.0,Masculino
384186,30/05/2008,RN,101,NATAL,Falta de atenção,Colisão traseira,Sem Vítimas        ,Plena noite,Chuva,Dupla   ,Urbano,Motocicletas,Ileso       ,24.0,Masculino
384186,30/05/2008,RN,101,NATAL,Falta de atenção,Colisão traseira,Sem Vítimas        ,Plena noite,Chuva,Dupla   ,Urbano,Automóvel,Ileso       ,35.0,Masculino
384239,31/05/2008,RN,101,PARNAMIRIM,Ingestão de álcool,Colisão com objeto fixo,Sem Vítimas        ,Plena noite,Nublado,Dupla   ,Urbano,Automóvel,Ileso       ,21.0,Masculino
384255,26/05/2008,RN,304,MACAIBA,Falta de atenção,Colisão com objeto fixo,Sem Vítimas        ,Pleno dia,Ceu Claro,Dupla   ,Rural ,Automóvel,Ileso       ,22.0,Masculino
384491,31/05/2008,RN,427,ACARI,Falta de atenção,Colisão traseira,Com Vítimas Feridas,Pleno dia,Chuva,Simples ,Urbano,Automóvel,Ferido Leve ,25.0,Masculino
384491,31/05/2008,RN,427,ACARI,Falta de atenção,Colisão traseira,Com Vítimas Feridas,Pleno dia,Chuva,Simples ,Urbano,Automóvel,Ferido Leve ,18.0,Feminino
384491,31/05/2008,RN,427,ACARI,Falta de atenção,Colisão traseira,Com Vítimas Feridas,Pleno dia,Chuva,Simples ,Urbano,Caminhão,Ileso       ,28.0,Masculino
384499,31/05/2008,RN,101,NATAL,Outras,Colisão traseira,Sem Vítimas        ,Plena noite,Nublado,Dupla   ,Urbano,Automóvel,Ileso       ,46.0,Masculino