id,data_inversa,uf,br,municipio,causa_acidente,tipo_acidente,classificacao_acidente,fase_dia,condicao_metereologica,tipo_pista,uso_solo,tipo_veiculo,estado_fisico,idade,sexo
401325,02/03/2008,RN,101,MAXARANGUAPE,Outras,Colisão com bicicleta,Com Vítimas Fatais ,Plena noite,Nublado,Simples ,Rural ,Bicicleta,Morto       ,-1.0,Masculino
401325,02/03/2008,RN,101,MAXARANGUAPE,Outras,Colisão com bicicleta,Com Vítimas Fatais ,Plena noite,Nublado,Simples ,Rural ,Automóvel,Ileso       ,20.0,Masculino
401325,02/03/2008,RN,101,MAXARANGUAPE,Outras,Colisão com bicicleta,Com Vítimas Fatais ,Plena noite,Nublado,Simples ,Rural ,Automóvel,Ileso       ,-1.0,Masculino
401408,30/05/2008,RN,101,PARNAMIRIM,Falta de atenção,Colisão traseira,Sem Vítimas        ,Pleno dia,Sol,Múltipla,Urbano,Utilitário,Ileso       ,27.0,Masculino
401408,30/05/2008,RN,101,PARNAMIRIM,Falta de atenção,Colisão traseira,Sem Vítimas        ,Pleno dia,Sol,Múltipla,Urbano,Automóvel,Ileso       ,47.0,Feminino
402575,15/07/2008,RN,226,SANTA CRUZ,Outras,Colisão lateral,Com Vítimas Feridas,Pleno dia,Ceu Claro,Simples ,Urbano,Motocicletas,Ferido Grave,45.0,Masculino
402575,15/07/2008,RN,226,SANTA CRUZ,Outras,Colisão lateral,Com Vítimas Feridas,Pleno dia,Ceu Claro,Simples ,Urbano,Caminhonete,Ileso       ,39.0,Masculino
402608,18/07/2008,RN,101,PARNAMIRIM,Desobediência à sinalização,Colisão Transversal,Sem Vítimas        ,Pleno dia,Nublado,Dupla   ,Urbano,Automóvel,Ileso       ,60.0,Masculino
402608,18/07/2008,RN,101,PARNAMIRIM,Desobediência à sinalização,Colisão Transversal,Sem Vítimas        ,Pleno dia,Nublado,Dupla   ,Urbano,Automóvel,Ileso       ,68.0,Masculino
402616,18/07/2008,RN,101,SAO JOSE DE MIPIBU,Outras,Colisão lateral,Com Vítimas Feridas,Pleno dia,Nublado,Simples ,Urbano,Motocicletas,Ferido Grave,21.0,Masculino
402616,18/07/2008,RN,101,SAO JOSE DE MIPIBU,Outras,Colisão lateral,Com Vítimas Feridas,Pleno dia,Nublado,Simples ,Urbano,Automóvel,Ileso       ,58.0,Masculino
402748,18/07/2008,RN,226,SANTA CRUZ,Não guardar distância de segurança,Colisão traseira,Sem Vítimas        ,Pleno dia,Ceu Claro,Simples ,Urbano,Automóvel,Ileso       ,42.0,Masculino
402748,18/07/2008,RN,226,SANTA CRUZ,Não guardar distância de segurança,Colisão traseira,Sem Vítimas        ,Pleno dia,Ceu Claro,Simples ,Urbano,Caminhão,Ileso       ,61.0,Masculino
402878,18/07/2008,RN,101,NATAL,Não guardar distância de segurança,Colisão traseira,Sem Vítimas        ,Pleno dia,Nublado,Simples ,Urbano,Automóvel,Ileso       ,60.0,Masculino
402878,18/07/2008,RN,101,NATAL,Não guardar distância de segurança,Colisão traseira,Sem Vítimas        ,Pleno dia,Nublado,Simples ,Urbano,Caminhão,Ileso       ,41.0,Masculino
402878,18/07/2008,RN,101,NATAL,Não guardar distância de segurança,Colisão traseira,Sem Vítimas        ,Pleno dia,Nublado,Simples ,Urbano,Camioneta,Ileso       ,34.0,Masculino
403056,19/07/2008,RN,101,PARNAMIRIM,Falta de atenção,Colisão lateral,Sem Vítimas        ,Pleno dia,Ceu Claro,Dupla   ,Urbano,Automóvel,Ileso       ,34.0,Masculino
403056,19/07/2008,RN,101,PARNAMIRIM,Falta de atenção,Colisão lateral,Sem Vítimas        ,Pleno dia,Ceu Claro,Dupla   ,Urbano,Automóvel,Ileso       ,-1.0,Masculino
403118,19/07/2008,RN,101,NATAL,Falta de atenção,Colisão traseira,Sem Vítimas        ,Pleno dia,Ceu Claro,Dupla   ,Urbano,Automóvel,Ileso       ,31.0,Feminino
403118,19/07/2008,RN,101,NATAL,Falta de atenção,Colisão traseira,Sem Vítimas        ,Pleno dia,Ceu Claro,Dupla   ,Urbano,Camioneta,Ileso       ,57.0,Masculino
403118,19/07/2008,RN,101,NATAL,Falta de atenção,Colisão traseira,Sem Vítimas        ,Pleno dia,Ceu Claro,Dupla   ,Urbano,Automóvel,Ileso       ,27.0,Masculino
403316,26/06/2008,RN,406,CEARA-MIRIM,Falta de atenção,Colisão traseira,Sem Vítimas        ,Plena noite,Ceu Claro,Simples ,Rural ,Automóvel,Ileso       ,28.0,Masculino
403316,26/06/2008,RN,406,CEARA-MIRIM,Falta de atenção,Colisão traseira,Sem Vítimas        ,Plena noite,Ceu Claro,Simples ,Rural ,Automóvel,Ileso       ,36.0,Feminino
403316,26/06/2008,RN,406,CEARA-MIRIM,Falta de atenção,Colisão traseira,Sem Vítimas        ,Plena noite,Ceu Claro,Simples ,Rural ,Automóvel,Ileso       ,30.0,Masculino
403326,12/07/2008,RN,101,SAO GONCALO DO AMARANTE,Falta de atenção,Atropelamento de pessoa,Com Vítimas Feridas,Anoitecer,Ceu Claro,Dupla   ,Urbano,Caminhonete,Ileso       ,65.0,Masculino
403326,12/07/2008,RN,101,SAO GONCALO DO AMARANTE,Falta de atenção,Atropelamento de pessoa,Com Vítimas Feridas,Anoitecer,Ceu Claro,Dupla   ,Urbano,(null),Ferido Grave,-1.0,Masculino
403387,20/07/2008,RN,406,GUAMARE,Outras,Saída de Pista,Com Vítimas Feridas,Plena noite,Ceu Claro,Simples ,Rural ,Caminhonete,Ferido Leve ,33.0,Masculino
403400,10/07/2008,RN,406,SAO GONCALO DO AMARANTE,Outras,Atropelamento de pessoa,Com Vítimas Feridas,Pleno dia,Ceu Claro,Simples ,Rural ,Automóvel,Ileso       ,63.0,Masculino
403400,10/07/2008,RN,406,SAO GONCALO DO AMARANTE,Outras,Atropelamento de pessoa,Com Vítimas Feridas,Pleno dia,Ceu Claro,Simples ,Rural ,(null),Ferido Grave,7.0,Feminino
403424,20/07/2008,RN,101,SAO JOSE DE MIPIBU,Falta de atenção,Colisão Transversal,Sem Vítimas        ,Pleno dia,Ceu Claro,Simples ,Urbano,Automóvel,Ileso       ,47.0,Feminino
403424,20/07/2008,RN,101,SAO JOSE DE MIPIBU,Falta de atenção,Colisão Transversal,Sem Vítimas        ,Pleno dia,Ceu Claro,Simples ,Urbano,Automóvel,Ignorado    ,-1.0,Inválido
403432,17/07/2008,RN,101,SAO GONCALO DO AMARANTE,Outras,Colisão com objeto fixo,Com Vítimas Fatais ,Plena noite,Ceu Claro,Dupla   ,Urbano,Automóvel,Morto       ,31.0,Masculino
403640,20/07/2008,RN,405,MOSSORO,Outras,Queda de motocicleta / bicicleta / veículo,Com Vítimas Fatais ,Pleno dia,Sol,Dupla   ,Urbano,Ciclomotor,Morto       ,44.0,Masculino
403728,21/07/2008,RN,101,NATAL,Falta de atenção,Colisão Transversal,Sem Vítimas        ,Pleno dia,Ceu Claro,Dupla   ,Urbano,Automóvel,Ileso       ,31.0,Masculino
403728,21/07/2008,RN,101,NATAL,Falta de atenção,Colisão Transversal,Sem Vítimas        ,Pleno dia,Ceu Claro,Dupla   ,Urbano,Caminhão,Ileso       ,50.0,Masculino
403744,21/07/2008,RN,101,SAO JOSE DE MIPIBU,Falta de atenção,Colisão traseira,Sem Vítimas        ,Pleno dia,Ceu Claro,Simples ,Rural ,Caminhonete,Ileso       ,27.0,Masculino
403744,21/07/2008,RN,101,SAO JOSE DE MIPIBU,Falta de atenção,Colisão traseira,Sem Vítimas        ,Pleno dia,Ceu Claro,Simples ,Rural ,Automóvel,Ileso       ,23.0,Masculino
403750,21/07/2008,RN,304,MOSSORO,Defeito na via,Tombamento,Com Vítimas Feridas,Pleno dia,Sol,Simples ,Urbano,Motocicletas,Ferido Leve ,22.0,Feminino
404048,18/07/2008,RN,101,SAO JOSE DE MIPIBU,Outras,Capotamento,Sem Vítimas        ,Plena noite,Ceu Claro,Simples ,Urbano,Automóvel,Ileso       ,36.0,Masculino
404178,22/07/2008,RN,406,CEARA-MIRIM,Outras,Colisão Transversal,Sem Vítimas        ,Pleno dia,Sol,Simples ,Urbano,Motocicletas,Ileso       ,51.0,Masculino
404178,22/07/2008,RN,406,CEARA-MIRIM,Outras,Colisão Transversal,Sem Vítimas        ,Pleno dia,Sol,Simples ,Urbano,Automóvel,Ileso       ,40.0,Masculino
404273,11/07/2008,RN,226,CURRAIS NOVOS,Defeito mecânico em veículo,Capotamento,Com Vítimas Feridas,Plena noite,Ceu Claro,Simples ,Rural ,Camioneta,Ferido Leve ,43.0,Masculino
404273,11/07/2008,RN,226,CURRAIS NOVOS,Defeito mecânico em veículo,Capotamento,Com Vítimas Feridas,Plena noite,Ceu Claro,Simples ,Rural ,Camioneta,Ferido Leve ,12.0,Masculino
404306,19/07/2008,RN,304,MACAIBA,Outras,Saída de Pista,Com Vítimas Feridas,Plena noite,Ceu Claro,Dupla   ,Rural ,Automóvel,Ferido Leve ,31.0,Masculino
404471,22/07/2008,RN,304,MACAIBA,Falta de atenção,Colisão lateral,Sem Vítimas        ,Pleno dia,Ceu Claro,Simples ,Urbano,Caminhão-Trator,Ileso       ,60.0,Masculino
404471,22/07/2008,RN,304,MACAIBA,Falta de atenção,Colisão lateral,Sem Vítimas        ,Pleno dia,Ceu Claro,Simples ,Urbano,Automóvel,Ileso       ,46.0,Masculino
404475,23/07/2008,RN,406,MACAU,Outras,Colisão traseira,Sem Vítimas        ,Pleno dia,Ceu Claro,Simples ,Rural ,Automóvel,Ileso       ,55.0,Masculino
404475,23/07/2008,RN,406,MACAU,Outras,Colisão traseira,Sem Vítimas        ,Pleno dia,Ceu Claro,Simples ,Rural ,Automóvel,Ileso       ,58.0,Masculino
404524,23/07/2008,RN,101,PARNAMIRIM,Falta de atenção,Colisão Transversal,Sem Vítimas        ,Pleno dia,Ceu Claro,Simples ,Urbano,Automóvel,Ileso       ,-1.0,Feminino
404524,23/07/2008,RN,101,PARNAMIRIM,Falta de atenção,Colisão Transversal,Sem Vítimas        ,Pleno dia,Ceu Claro,Simples ,Urbano,Automóvel,Ileso       ,26.0,Masculino
404560,19/07/2008,RN,101,NATAL,Outras,Colisão lateral,Sem Vítimas        ,Pleno dia,Ceu Claro,Dupla   ,Urbano,Automóvel,Ileso       ,-1.0,Masculino
404560,19/07/2008,RN,101,NATAL,Outras,Colisão lateral,Sem Vítimas        ,Pleno dia,Ceu Claro,Dupla   ,Urbano,Motocicletas,Ileso       ,-1.0,Masculino
404573,23/07/2008,RN,101,PARNAMIRIM,Outras,Colisão Transversal,Com Vítimas Feridas,Pleno dia,Ceu Claro,Dupla   ,Urbano,Camioneta,Ileso       ,67.0,Masculino
404573,23/07/2008,RN,101,PARNAMIRIM,Outras,Colisão Transversal,Com Vítimas Feridas,Pleno dia,Ceu Claro,Dupla   ,Urbano,Motocicletas,Ferido Leve ,-1.0,Masculino
404610,23/07/2008,RN,405,FELIPE GUERRA,Animais na Pista,Saída de Pista,Com Vítimas Feridas,Pleno dia,Ceu Claro,Simples ,Rural ,Automóvel,Ferido Leve ,39.0,Masculino
404610,23/07/2008,RN,405,FELIPE GUERRA,Animais na Pista,Saída de Pista,Com Vítimas Feridas,Pleno dia,Ceu Claro,Simples ,Rural ,Automóvel,Ferido Leve ,53.0,Masculino
404762,19/07/2008,RN,405,MOSSORO,Falta de atenção,Colisão lateral,Com Vítimas Feridas,Plena noite,Ceu Claro,Dupla   ,Urbano,Ônibus,Ileso       ,45.0,Masculino
404762,19/07/2008,RN,405,MOSSORO,Falta de atenção,Colisão lateral,Com Vítimas Feridas,Plena noite,Ceu Claro,Dupla   ,Urbano,Motocicletas,Ferido Leve ,73.0,Masculino
404803,19/07/2008,RN,101,MAXARANGUAPE,Outras,Colisão frontal,Com Vítimas Feridas,Amanhecer,Ceu Claro,Simples ,Rural ,Automóvel,Ferido Grave,59.0,Masculino
404803,19/07/2008,RN,101,MAXARANGUAPE,Outras,Colisão frontal,Com Vítimas Feridas,Amanhecer,Ceu Claro,Simples ,Rural ,Camioneta,Ferido Leve ,44.0,Masculino
404803,19/07/2008,RN,101,MAXARANGUAPE,Outras,Colisão frontal,Com Vítimas Feridas,Amanhecer,Ceu Claro,Simples ,Rural ,Automóvel,Ferido Leve ,41.0,Masculino
404822,06/06/2008,RN,101,NATAL,Falta de atenção,Colisão traseira,Com Vítimas Feridas,Amanhecer,Nevoeiro/neblina,Dupla   ,Urbano,Automóvel,Ileso       ,21.0,Masculino
404822,06/06/2008,RN,101,NATAL,Falta de atenção,Colisão traseira,Com Vítimas Feridas,Amanhecer,Nevoeiro/neblina,Dupla   ,Urbano,Motocicletas,Ferido Grave,-1.0,Masculino
404822,06/06/2008,RN,101,NATAL,Falta de atenção,Colisão traseira,Com Vítimas Feridas,Amanhecer,Nevoeiro/neblina,Dupla   ,Urbano,Automóvel,Ileso       ,61.0,Masculino
404960,24/07/2008,RN,101,NATAL,Falta de atenção,Colisão lateral,Sem Vítimas        ,Pleno dia,Ceu Claro,Múltipla,Urbano,Automóvel,Ileso       ,23.0,Masculino
404960,24/07/2008,RN,101,NATAL,Falta de atenção,Colisão lateral,Sem Vítimas        ,Pleno dia,Ceu Claro,Múltipla,Urbano,Automóvel,Ignorado    ,-1.0,Inválido
404969,20/07/2008,RN,406,CEARA-MIRIM,Não guardar distância de segurança,Colisão traseira,Sem Vítimas        ,Plena noite,Ceu Claro,Simples ,Rural ,Automóvel,Ileso       ,51.0,Masculino
404969,20/07/2008,RN,406,CEARA-MIRIM,Não guardar distância de segurança,Colisão traseira,Sem Vítimas        ,Plena noite,Ceu Claro,Simples ,Rural ,Caminhonete,Ileso       ,21.0,Masculino
404969,20/07/2008,RN,406,CEARA-MIRIM,Não guardar distância de segurança,Colisão traseira,Sem Vítimas        ,Plena noite,Ceu Claro,Simples ,Rural ,Automóvel,Ileso       ,-1.0,Inválido
404975,24/07/2008,RN,101,NATAL,Outras,Colisão traseira,Sem Vítimas        ,Plena noite,Ceu Claro,Múltipla,Urbano,Caminhão,Ignorado    ,-1.0,Inválido
404975,24/07/2008,RN,101,NATAL,Outras,Colisão traseira,Sem Vítimas        ,Plena noite,Ceu Claro,Múltipla,Urbano,Caminhão,Ileso       ,31.0,Masculino
405019,20/07/2008,RN,406,CEARA-MIRIM,Outras,Colisão Transversal,Sem Vítimas        ,Plena noite,Ceu Claro,Simples ,Rural ,Automóvel,Ileso       ,26.0,Masculino
405019,20/07/2008,RN,406,CEARA-MIRIM,Outras,Colisão Transversal,Sem Vítimas        ,Plena noite,Ceu Claro,Simples ,Rural ,Automóvel,Ignorado    ,-1.0,Inválido
405071,06/06/2008,RN,304,MACAIBA,Falta de atenção,Colisão traseira,Com Vítimas Feridas,Plena noite,Ceu Claro,Dupla   ,Urbano,Caminhão,Ileso       ,-1.0,Masculino
405071,06/06/2008,RN,304,MACAIBA,Falta de atenção,Colisão traseira,Com Vítimas Feridas,Plena noite,Ceu Claro,Dupla   ,Urbano,Motocicletas,Ferido Grave,24.0,Masculino
405201,21/07/2008,RN,406,CEARA-MIRIM,Outras,Atropelamento de pessoa,Com Vítimas Fatais ,Anoitecer,Nublado,Simples ,Rural ,Ônibus,Ileso       ,36.0,Masculino
405201,21/07/2008,RN,406,CEARA-MIRIM,Outras,Atropelamento de pessoa,Com Vítimas Fatais ,Anoitecer,Nublado,Simples ,Rural ,(null),Morto       ,39.0,Masculino
405238,20/07/2008,RN,101,PARNAMIRIM,Outras,Colisão com objeto fixo,Com Vítimas Feridas,Plena noite,Chuva,Dupla   ,Urbano,Microônibus,Ferido Leve ,28.0,Masculino
405268,22/07/2008,RN,226,CURRAIS NOVOS,Falta de atenção,Colisão traseira,Sem Vítimas        ,Pleno dia,Ceu Claro,Simples ,Urbano,Automóvel,Ileso       ,48.0,Masculino
405268,22/07/2008,RN,226,CURRAIS NOVOS,Falta de atenção,Colisão traseira,Sem Vítimas        ,Pleno dia,Ceu Claro,Simples ,Urbano,Automóvel,Ileso       ,32.0,Masculino
405293,25/07/2008,RN,304,MACAIBA,Não guardar distância de segurança,Colisão traseira,Sem Vítimas        ,Pleno dia,Chuva,Simples ,Rural ,Automóvel,Ileso       ,26.0,Masculino
405293,25/07/2008,RN,304,MACAIBA,Não guardar distância de segurança,Colisão traseira,Sem Vítimas        ,Pleno dia,Chuva,Simples ,Rural ,Caminhão,Ignorado    ,-1.0,Inválido
405315,25/07/2008,RN,304,ITAJA,Defeito na via,Saída de Pista,Com Vítimas Feridas,Pleno dia,Ceu Claro,Simples ,Rural ,Automóvel,Ferido Leve ,32.0,Feminino
405315,25/07/2008,RN,304,ITAJA,Defeito na via,Saída de Pista,Com Vítimas Feridas,Pleno dia,Ceu Claro,Simples ,Rural ,Automóvel,Ileso       ,30.0,Masculino
405315,25/07/2008,RN,304,ITAJA,Defeito na via,Saída de Pista,Com Vítimas Feridas,Pleno dia,Ceu Claro,Simples ,Rural ,Automóvel,Ileso       ,-1.0,Masculino
405370,25/07/2008,RN,101,SAO JOSE DE MIPIBU,Outras,Capotamento,Sem Vítimas        ,Anoitecer,Chuva,Simples ,Rural ,Automóvel,Ileso       ,21.0,Masculino
405576,26/07/2008,RN,101,SAO GONCALO DO AMARANTE,Falta de atenção,Colisão traseira,Sem Vítimas        ,Plena noite,Nublado,Dupla   ,Urbano,Automóvel,Ileso       ,48.0,Masculino
405576,26/07/2008,RN,101,SAO GONCALO DO AMARANTE,Falta de atenção,Colisão traseira,Sem Vítimas        ,Plena noite,Nublado,Dupla   ,Urbano,Automóvel,Ileso       ,30.0,Masculino
405634,22/07/2008,RN,304,MACAIBA,Animais na Pista,Tombamento,Com Vítimas Feridas,Plena noite,Chuva,Simples ,Urbano,Motocicletas,Ferido Leve ,32.0,Masculino
405746,26/07/2008,RN,101,NATAL,Falta de atenção,Colisão traseira,Sem Vítimas        ,Pleno dia,Chuva,Simples ,Urbano,Automóvel,Ileso       ,62.0,Feminino
405746,26/07/2008,RN,101,NATAL,Falta de atenção,Colisão traseira,Sem Vítimas        ,Pleno dia,Chuva,Simples ,Urbano,Automóvel,Ileso       ,48.0,Masculino
405775,22/07/2008,RN,304,MACAIBA,Desobediência à sinalização,Colisão traseira,Sem Vítimas        ,Pleno dia,Ceu Claro,Dupla   ,Urbano,Automóvel,Ileso       ,58.0,Masculino
405775,22/07/2008,RN,304,MACAIBA,Desobediência à sinalização,Colisão traseira,Sem Vítimas        ,Pleno dia,Ceu Claro,Dupla   ,Urbano,Caminhão,Ileso       ,33.0,Masculino
405780,22/07/2008,RN,101,NATAL,Falta de atenção,Colisão lateral,Sem Vítimas        ,Pleno dia,Ceu Claro,Simples ,Urbano,Automóvel,Ileso       ,57.0,Masculino
405780,22/07/2008,RN,101,NATAL,Falta de atenção,Colisão lateral,Sem Vítimas        ,Pleno dia,Ceu Claro,Simples ,Urbano,Caminhonete,Ileso       ,56.0,Masculino
405974,10/06/2008,RN,226,SERRA CAIADA,Velocidade incompatível,Capotamento,Com Vítimas Fatais ,Plena noite,Ceu Claro,Simples ,Rural ,Automóvel,Ferido Leve ,-1.0,Masculino
405974,10/06/2008,RN,226,SERRA CAIADA,Velocidade incompatível,Capotamento,Com Vítimas Fatais ,Plena noite,Ceu Claro,Simples ,Rural ,Automóvel,Morto       ,-1.0,Feminino
405974,10/06/2008,RN,226,SERRA CAIADA,Velocidade incompatível,Capotamento,Com Vítimas Fatais ,Plena noite,Ceu Claro,Simples ,Rural ,Automóvel,Ferido Grave,-1.0,Feminino
405974,10/06/2008,RN,226,SERRA CAIADA,Velocidade incompatível,Capotamento,Com Vítimas Fatais ,Plena noite,Ceu Claro,Simples ,Rural ,Automóvel,Ferido Grave,-1.0,Masculino
405974,10/06/2008,RN,226,SERRA CAIADA,Velocidade incompatível,Capotamento,Com Vítimas Fatais ,Plena noite,Ceu Claro,Simples ,Rural ,Automóvel,Ferido Leve ,-1.0,Feminino
405974,10/06/2008,RN,226,SERRA CAIADA,Velocidade incompatível,Capotamento,Com Vítimas Fatais ,Plena noite,Ceu Claro,Simples ,Rural ,Automóvel,Ferido Grave,-1.0,Feminino
405983,23/07/2008,RN,101,PARNAMIRIM,Não guardar distância de segurança,Colisão traseira,Sem Vítimas        ,Pleno dia,Ceu Claro,Dupla   ,Urbano,Automóvel,Ileso       ,32.0,Masculino
405983,23/07/2008,RN,101,PARNAMIRIM,Não guardar distância de segurança,Colisão traseira,Sem Vítimas        ,Pleno dia,Ceu Claro,Dupla   ,Urbano,Caminhão,Ileso       ,42.0,Masculino
406016,21/07/2008,RN,101,NATAL,Falta de atenção,Colisão Transversal,Sem Vítimas        ,Pleno dia,Nublado,Simples ,Urbano,Automóvel,Ileso       ,27.0,Masculino
406016,21/07/2008,RN,101,NATAL,Falta de atenção,Colisão Transversal,Sem Vítimas        ,Pleno dia,Nublado,Simples ,Urbano,Ônibus,Ileso       ,26.0,Masculino
406030,21/07/2008,RN,101,NATAL,Falta de atenção,Colisão traseira,Sem Vítimas        ,Pleno dia,Ceu Claro,Dupla   ,Urbano,Automóvel,Ileso       ,35.0,Masculino
406030,21/07/2008,RN,101,NATAL,Falta de atenção,Colisão traseira,Sem Vítimas        ,Pleno dia,Ceu Claro,Dupla   ,Urbano,Caminhonete,Ileso       ,30.0,Masculino
406030,21/07/2008,RN,101,NATAL,Falta de atenção,Colisão traseira,Sem Vítimas        ,Pleno dia,Ceu Claro,Dupla   ,Urbano,Automóvel,Ileso       ,34.0,Masculino
406044,25/07/2008,RN,101,GOIANINHA,Falta de atenção,Colisão lateral,Sem Vítimas        ,Pleno dia,Nublado,Simples ,Urbano,Caminhão,Ileso       ,37.0,Masculino
406044,25/07/2008,RN,101,GOIANINHA,Falta de atenção,Colisão lateral,Sem Vítimas        ,Pleno dia,Nublado,Simples ,Urbano,Automóvel,Ileso       ,27.0,Masculino
406048,21/07/2008,RN,406,POCO BRANCO,Outras,Atropelamento de pessoa,Com Vítimas Fatais ,Plena noite,Ceu Claro,Simples ,Rural ,Automóvel,Ileso       ,40.0,Masculino
406048,21/07/2008,RN,406,POCO BRANCO,Outras,Atropelamento de pessoa,Com Vítimas Fatais ,Plena noite,Ceu Claro,Simples ,Rural ,(null),Morto       ,28.0,Masculino
406111,23/07/2008,RN,101,PARNAMIRIM,Outras,Colisão lateral,Sem Vítimas        ,Pleno dia,Ceu Claro,Dupla   ,Urbano,Ônibus,Ileso       ,28.0,Masculino
406111,23/07/2008,RN,101,PARNAMIRIM,Outras,Colisão lateral,Sem Vítimas        ,Pleno dia,Ceu Claro,Dupla   ,Urbano,Automóvel,Ileso       ,44.0,Masculino
406237,27/07/2008,RN,406,SAO GONCALO DO AMARANTE,Falta de atenção,Saída de Pista,Com Vítimas Feridas,Plena noite,Chuva,Simples ,Rural ,Automóvel,Ileso       ,24.0,Masculino
406237,27/07/2008,RN,406,SAO GONCALO DO AMARANTE,Falta de atenção,Saída de Pista,Com Vítimas Feridas,Plena noite,Chuva,Simples ,Rural ,Automóvel,Ileso       ,8.0,Feminino
406237,27/07/2008,RN,406,SAO GONCALO DO AMARANTE,Falta de atenção,Saída de Pista,Com Vítimas Feridas,Plena noite,Chuva,Simples ,Rural ,Automóvel,Ileso       ,70.0,Masculino
406237,27/07/2008,RN,406,SAO GONCALO DO AMARANTE,Falta de atenção,Saída de Pista,Com Vítimas Feridas,Plena noite,Chuva,Simples ,Rural ,Automóvel,Ferido Grave,74.0,Feminino
406237,27/07/2008,RN,406,SAO GONCALO DO AMARANTE,Falta de atenção,Saída de Pista,Com Vítimas Feridas,Plena noite,Chuva,Simples ,Rural ,Automóvel,Ferido Leve ,5.0,Masculino
406237,27/07/2008,RN,406,SAO GONCALO DO AMARANTE,Falta de atenção,Saída de Pista,Com Vítimas Feridas,Plena noite,Chuva,Simples ,Rural ,Automóvel,Ileso       ,-1.0,Masculino
406237,27/07/2008,RN,406,SAO GONCALO DO AMARANTE,Falta de atenção,Saída de Pista,Com Vítimas Feridas,Plena noite,Chuva,Simples ,Rural ,Automóvel,Ferido Leve ,28.0,Feminino
406237,27/07/2008,RN,406,SAO GONCALO DO AMARANTE,Falta de atenção,Saída de Pista,Com Vítimas Feridas,Plena noite,Chuva,Simples ,Rural ,Automóvel,Ileso       ,-1.0,Masculino
406314,28/07/2008,RN,101,SAO GONCALO DO AMARANTE,Defeito mecânico em veículo,Colisão com objeto móvel,Sem Vítimas        ,Pleno dia,Ceu Claro,Dupla   ,Urbano,Automóvel,Ileso       ,42.0,Masculino
406314,28/07/2008,RN,101,SAO GONCALO DO AMARANTE,Defeito mecânico em veículo,Colisão com objeto móvel,Sem Vítimas        ,Pleno dia,Ceu Claro,Dupla   ,Urbano,Ônibus,Ileso       ,34.0,Masculino
406351,24/07/2008,RN,101,SAO GONCALO DO AMARANTE,Não guardar distância de segurança,Colisão traseira,Sem Vítimas        ,Pleno dia,Ceu Claro,Dupla   ,Urbano,Automóvel,Ileso       ,35.0,Masculino
406351,24/07/2008,RN,101,SAO GONCALO DO AMARANTE,Não guardar distância de segurança,Colisão traseira,Sem Vítimas        ,Pleno dia,Ceu Claro,Dupla   ,Urbano,Camioneta,Ileso       ,-1.0,Masculino
406397,28/07/2008,RN,304,MOSSORO,Não guardar distância de segurança,Colisão traseira,Sem Vítimas        ,Pleno dia,Ceu Claro,Simples ,Urbano,Automóvel,Ileso       ,38.0,Masculino
406397,28/07/2008,RN,304,MOSSORO,Não guardar distância de segurança,Colisão traseira,Sem Vítimas        ,Pleno dia,Ceu Claro,Simples ,Urbano,Motocicletas,Ileso       ,50.0,Masculino
406408,25/07/2008,RN,226,SANTA CRUZ,Animais na Pista,Atropelamento de animal,Com Vítimas Fatais ,Plena noite,Nublado,Simples ,Rural ,Automóvel,Morto       ,33.0,Masculino
406408,25/07/2008,RN,226,SANTA CRUZ,Animais na Pista,Atropelamento de animal,Com Vítimas Fatais ,Plena noite,Nublado,Simples ,Rural ,Automóvel,Ileso       ,24.0,Masculino
406408,25/07/2008,RN,226,SANTA CRUZ,Animais na Pista,Atropelamento de animal,Com Vítimas Fatais ,Plena noite,Nublado,Simples ,Rural ,Automóvel,Ileso       ,24.0,Masculino
406484,28/07/2008,RN,101,NATAL,Falta de atenção,Colisão traseira,Sem Vítimas        ,Pleno dia,Ceu Claro,Dupla   ,Urbano,Ônibus,Ileso       ,51.0,Masculino
406484,28/07/2008,RN,101,NATAL,Falta de atenção,Colisão traseira,Sem Vítimas        ,Pleno dia,Ceu Claro,Dupla   ,Urbano,Automóvel,Ileso       ,22.0,Masculino
406536,25/07/2008,RN,304,PARNAMIRIM,Outras,Atropelamento de pessoa,Com Vítimas Fatais ,Anoitecer,Chuva,Dupla   ,Urbano,(null),Morto       ,64.0,Masculino
406536,25/07/2008,RN,304,PARNAMIRIM,Outras,Atropelamento de pessoa,Com Vítimas Fatais ,Anoitecer,Chuva,Dupla   ,Urbano,Automóvel,Ileso       ,27.0,Masculino
406547,26/07/2008,RN,427,SERRA NEGRA DO NORTE,Outras,Colisão lateral,Sem Vítimas        ,Plena noite,Chuva,Simples ,Urbano,Microônibus,Ileso       ,31.0,Masculino
406547,26/07/2008,RN,427,SERRA NEGRA DO NORTE,Outras,Colisão lateral,Sem Vítimas        ,Plena noite,Chuva,Simples ,Urbano,Automóvel,Ileso       ,37.0,Masculino
406549,27/07/2008,RN,101,RIO DO FOGO,Desobediência à sinalização,Colisão lateral,Com Vítimas Feridas,Pleno dia,Ignorada,Simples ,Rural ,Camioneta,Ferido Leve ,24.0,Masculino
406549,27/07/2008,RN,101,RIO DO FOGO,Desobediência à sinalização,Colisão lateral,Com Vítimas Feridas,Pleno dia,Ignorada,Simples ,Rural ,Camioneta,Ferido Grave,-1.0,Masculino