id,data_inversa,uf,br,municipio,causa_acidente,tipo_acidente,classificacao_acidente,fase_dia,condicao_metereologica,tipo_pista,uso_solo,tipo_veiculo,estado_fisico,idade,sexo
410953,05/08/2008,RN,101,NATAL,Falta de atenção,Colisão lateral,Sem Vítimas        ,Pleno dia,Nublado,Simples ,Urbano,Automóvel,Ileso       ,30.0,Feminino
410953,05/08/2008,RN,101,NATAL,Falta de atenção,Colisão lateral,Sem Vítimas        ,Pleno dia,Nublado,Simples ,Urbano,Automóvel,Ileso       ,23.0,Masculino
411032,05/08/2008,RN,101,NATAL,Outras,Colisão lateral,Sem Vítimas        ,Pleno dia,Ceu Claro,Dupla   ,Urbano,Automóvel,Ileso       ,24.0,Masculino
411032,05/08/2008,RN,101,NATAL,Outras,Colisão lateral,Sem Vítimas        ,Pleno dia,Ceu Claro,Dupla   ,Urbano,Caminhão,Ignorado    ,-1.0,Inválido
411045,09/08/2008,RN,304,LAJES,Defeito na via,Colisão Transversal,Sem Vítimas        ,Pleno dia,Ceu Claro,Simples ,Rural ,Automóvel,Ileso       ,49.0,Masculino
411045,09/08/2008,RN,304,LAJES,Defeito na via,Colisão Transversal,Sem Vítimas        ,Pleno dia,Ceu Claro,Simples ,Rural ,Automóvel,Ileso       ,44.0,Masculino
411101,01/08/2008,RN,101,NATAL,Falta de atenção,Colisão traseira,Sem Vítimas        ,Plena noite,Nublado,Dupla   ,Urbano,Automóvel,Ileso       ,34.0,Masculino
411101,01/08/2008,RN,101,NATAL,Falta de atenção,Colisão traseira,Sem Vítimas        ,Plena noite,Nublado,Dupla   ,Urbano,Automóvel,Ileso       ,19.0,Masculino
411101,01/08/2008,RN,101,NATAL,Falta de atenção,Colisão traseira,Sem Vítimas        ,Plena noite,Nublado,Dupla   ,Urbano,Automóvel,Ileso       ,34.0,Masculino
411124,09/08/2008,RN,304,ASSU,Animais na Pista,Atropelamento de animal,Sem Vítimas        ,Plena noite,Ceu Claro,Simples ,Rural ,Automóvel,Ileso       ,35.0,Masculino
411127,09/08/2008,RN,226,CURRAIS NOVOS,Outras,Colisão com objeto fixo,Com Vítimas Feridas,Pleno dia,Ceu Claro,Simples ,Rural ,Automóvel,Ferido Leve ,20.0,Masculino
411127,09/08/2008,RN,226,CURRAIS NOVOS,Outras,Colisão com objeto fixo,Com Vítimas Feridas,Pleno dia,Ceu Claro,Simples ,Rural ,Automóvel,Ileso       ,21.0,Feminino
411127,09/08/2008,RN,226,CURRAIS NOVOS,Outras,Colisão com objeto fixo,Com Vítimas Feridas,Pleno dia,Ceu Claro,Simples ,Rural ,Caminhão,Ileso       ,-1.0,Masculino
411167,09/08/2008,RN,110,MOSSORO,Outras,Tombamento,Sem Vítimas        ,Anoitecer,Ceu Claro,Simples ,Urbano,Ciclomotor,Ileso       ,29.0,Masculino
411197,02/08/2008,RN,406,JOAO CAMARA,Outras,Colisão frontal,Sem Vítimas        ,Pleno dia,Ceu Claro,Simples ,Rural ,Automóvel,Ileso       ,30.0,Masculino
411197,02/08/2008,RN,406,JOAO CAMARA,Outras,Colisão frontal,Sem Vítimas        ,Pleno dia,Ceu Claro,Simples ,Rural ,Automóvel,Ileso       ,28.0,Masculino
411238,10/08/2008,RN,226,SANTA CRUZ,Outras,Queda de motocicleta / bicicleta / veículo,Com Vítimas Feridas,Pleno dia,Nublado,Simples ,Rural ,Motocicletas,Ferido Grave,37.0,Feminino
411238,10/08/2008,RN,226,SANTA CRUZ,Outras,Queda de motocicleta / bicicleta / veículo,Com Vítimas Feridas,Pleno dia,Nublado,Simples ,Rural ,Camioneta,Ignorado    ,-1.0,Feminino
411312,02/08/2008,RN,101,NATAL,Falta de atenção,Colisão traseira,Sem Vítimas        ,Anoitecer,Ceu Claro,Dupla   ,Urbano,Automóvel,Ileso       ,34.0,Masculino
411312,02/08/2008,RN,101,NATAL,Falta de atenção,Colisão traseira,Sem Vítimas        ,Anoitecer,Ceu Claro,Dupla   ,Urbano,Automóvel,Ignorado    ,-1.0,Masculino
411376,10/08/2008,RN,101,NATAL,Desobediência à sinalização,Colisão lateral,Sem Vítimas        ,Pleno dia,Ceu Claro,Dupla   ,Urbano,Automóvel,Ileso       ,59.0,Masculino
411376,10/08/2008,RN,101,NATAL,Desobediência à sinalização,Colisão lateral,Sem Vítimas        ,Pleno dia,Ceu Claro,Dupla   ,Urbano,Automóvel,Ileso       ,28.0,Masculino
411472,10/08/2008,RN,226,SANTA CRUZ,Dormindo,Colisão com objeto fixo,Com Vítimas Feridas,Amanhecer,Ceu Claro,Simples ,Rural ,Automóvel,Ferido Leve ,37.0,Masculino
411491,10/08/2008,RN,406,SAO GONCALO DO AMARANTE,Outras,Colisão frontal,Com Vítimas Feridas,Plena noite,Ceu Claro,Simples ,Rural ,Automóvel,Ferido Grave,29.0,Masculino
411491,10/08/2008,RN,406,SAO GONCALO DO AMARANTE,Outras,Colisão frontal,Com Vítimas Feridas,Plena noite,Ceu Claro,Simples ,Rural ,Automóvel,Ferido Grave,42.0,Feminino
411491,10/08/2008,RN,406,SAO GONCALO DO AMARANTE,Outras,Colisão frontal,Com Vítimas Feridas,Plena noite,Ceu Claro,Simples ,Rural ,Automóvel,Ferido Leve ,28.0,Feminino
411491,10/08/2008,RN,406,SAO GONCALO DO AMARANTE,Outras,Colisão frontal,Com Vítimas Feridas,Plena noite,Ceu Claro,Simples ,Rural ,Automóvel,Ferido Grave,37.0,Masculino
411491,10/08/2008,RN,406,SAO GONCALO DO AMARANTE,Outras,Colisão frontal,Com Vítimas Feridas,Plena noite,Ceu Claro,Simples ,Rural ,Automóvel,Ferido Grave,51.0,Masculino
411491,10/08/2008,RN,406,SAO GONCALO DO AMARANTE,Outras,Colisão frontal,Com Vítimas Feridas,Plena noite,Ceu Claro,Simples ,Rural ,Automóvel,Ferido Grave,28.0,Feminino
411491,10/08/2008,RN,406,SAO GONCALO DO AMARANTE,Outras,Colisão frontal,Com Vítimas Feridas,Plena noite,Ceu Claro,Simples ,Rural ,Automóvel,Ferido Leve ,-1.0,Feminino
411491,10/08/2008,RN,406,SAO GONCALO DO AMARANTE,Outras,Colisão frontal,Com Vítimas Feridas,Plena noite,Ceu Claro,Simples ,Rural ,Automóvel,Ileso       ,41.0,Masculino
411491,10/08/2008,RN,406,SAO GONCALO DO AMARANTE,Outras,Colisão frontal,Com Vítimas Feridas,Plena noite,Ceu Claro,Simples ,Rural ,Automóvel,Ferido Grave,11.0,Masculino
411529,10/08/2008,RN,304,MOSSORO,Ultrapassagem indevida,Colisão Transversal,Com Vítimas Fatais ,Plena noite,Ceu Claro,Simples ,Rural ,Motocicletas,Morto       ,32.0,Masculino
411529,10/08/2008,RN,304,MOSSORO,Ultrapassagem indevida,Colisão Transversal,Com Vítimas Fatais ,Plena noite,Ceu Claro,Simples ,Rural ,Motocicletas,Ferido Leve ,32.0,Masculino
411529,10/08/2008,RN,304,MOSSORO,Ultrapassagem indevida,Colisão Transversal,Com Vítimas Fatais ,Plena noite,Ceu Claro,Simples ,Rural ,Não identificado,Ignorado    ,-1.0,Inválido
411529,10/08/2008,RN,304,MOSSORO,Ultrapassagem indevida,Colisão Transversal,Com Vítimas Fatais ,Plena noite,Ceu Claro,Simples ,Rural ,Caminhão,Ignorado    ,-1.0,Inválido
411663,03/08/2008,RN,101,PARNAMIRIM,Desobediência à sinalização,Colisão Transversal,Com Vítimas Feridas,Plena noite,Ceu Claro,Dupla   ,Urbano,Automóvel,Ileso       ,27.0,Masculino
411663,03/08/2008,RN,101,PARNAMIRIM,Desobediência à sinalização,Colisão Transversal,Com Vítimas Feridas,Plena noite,Ceu Claro,Dupla   ,Urbano,Motocicletas,Ferido Grave,28.0,Masculino
411663,03/08/2008,RN,101,PARNAMIRIM,Desobediência à sinalização,Colisão Transversal,Com Vítimas Feridas,Plena noite,Ceu Claro,Dupla   ,Urbano,Motocicletas,Ferido Leve ,18.0,Feminino
411663,03/08/2008,RN,101,PARNAMIRIM,Desobediência à sinalização,Colisão Transversal,Com Vítimas Feridas,Plena noite,Ceu Claro,Dupla   ,Urbano,Motocicletas,Ferido Grave,1.0,Masculino
411726,04/08/2008,RN,101,NATAL,Velocidade incompatível,Colisão traseira,Com Vítimas Feridas,Pleno dia,Ceu Claro,Múltipla,Urbano,Caminhão-Trator,Ignorado    ,34.0,Masculino
411726,04/08/2008,RN,101,NATAL,Velocidade incompatível,Colisão traseira,Com Vítimas Feridas,Pleno dia,Ceu Claro,Múltipla,Urbano,Automóvel,Ileso       ,26.0,Masculino
411726,04/08/2008,RN,101,NATAL,Velocidade incompatível,Colisão traseira,Com Vítimas Feridas,Pleno dia,Ceu Claro,Múltipla,Urbano,Automóvel,Ileso       ,46.0,Feminino
411726,04/08/2008,RN,101,NATAL,Velocidade incompatível,Colisão traseira,Com Vítimas Feridas,Pleno dia,Ceu Claro,Múltipla,Urbano,Automóvel,Ileso       ,46.0,Masculino
411726,04/08/2008,RN,101,NATAL,Velocidade incompatível,Colisão traseira,Com Vítimas Feridas,Pleno dia,Ceu Claro,Múltipla,Urbano,Automóvel,Ileso       ,27.0,Masculino
411726,04/08/2008,RN,101,NATAL,Velocidade incompatível,Colisão traseira,Com Vítimas Feridas,Pleno dia,Ceu Claro,Múltipla,Urbano,Automóvel,Ferido Leve ,25.0,Masculino
411734,07/08/2008,RN,304,MACAIBA,Outras,Colisão traseira,Sem Vítimas        ,Plena noite,Chuva,Simples ,Rural ,Caminhão,Ignorado    ,-1.0,Masculino
411734,07/08/2008,RN,304,MACAIBA,Outras,Colisão traseira,Sem Vítimas        ,Plena noite,Chuva,Simples ,Rural ,Automóvel,Ileso       ,23.0,Masculino
411734,07/08/2008,RN,304,MACAIBA,Outras,Colisão traseira,Sem Vítimas        ,Plena noite,Chuva,Simples ,Rural ,Automóvel,Ileso       ,35.0,Masculino
411792,11/08/2008,RN,101,NATAL,Falta de atenção,Colisão traseira,Sem Vítimas        ,Pleno dia,Nublado,Dupla   ,Urbano,Automóvel,Ileso       ,21.0,Masculino
411792,11/08/2008,RN,101,NATAL,Falta de atenção,Colisão traseira,Sem Vítimas        ,Pleno dia,Nublado,Dupla   ,Urbano,Automóvel,Ileso       ,48.0,Masculino
411823,11/08/2008,RN,101,SAO GONCALO DO AMARANTE,Desobediência à sinalização,Colisão Transversal,Sem Vítimas        ,Pleno dia,Ceu Claro,Dupla   ,Urbano,Motocicletas,Ileso       ,33.0,Masculino
411823,11/08/2008,RN,101,SAO GONCALO DO AMARANTE,Desobediência à sinalização,Colisão Transversal,Sem Vítimas        ,Pleno dia,Ceu Claro,Dupla   ,Urbano,Automóvel,Ileso       ,18.0,Masculino
411896,08/08/2008,RN,304,MOSSORO,Ingestão de álcool,Colisão Transversal,Com Vítimas Feridas,Amanhecer,Nublado,Dupla   ,Urbano,Caminhão-Trator,Ferido Leve ,24.0,Masculino
411896,08/08/2008,RN,304,MOSSORO,Ingestão de álcool,Colisão Transversal,Com Vítimas Feridas,Amanhecer,Nublado,Dupla   ,Urbano,Camioneta,Ferido Leve ,59.0,Masculino
412037,11/08/2008,RN,101,PARNAMIRIM,Outras,Colisão Transversal,Com Vítimas Feridas,Plena noite,Chuva,Dupla   ,Urbano,Caminhão,Ileso       ,32.0,Masculino
412037,11/08/2008,RN,101,PARNAMIRIM,Outras,Colisão Transversal,Com Vítimas Feridas,Plena noite,Chuva,Dupla   ,Urbano,Camioneta,Ferido Leve ,47.0,Masculino
412064,08/08/2008,RN,101,PARNAMIRIM,Outras,Colisão Transversal,Com Vítimas Feridas,Pleno dia,Nublado,Dupla   ,Urbano,Motocicletas,Ferido Leve ,27.0,Masculino
412064,08/08/2008,RN,101,PARNAMIRIM,Outras,Colisão Transversal,Com Vítimas Feridas,Pleno dia,Nublado,Dupla   ,Urbano,Automóvel,Ignorado    ,-1.0,Inválido
412121,07/08/2008,RN,101,NATAL,Outras,Colisão Transversal,Sem Vítimas        ,Plena noite,Chuva,Simples ,Urbano,Automóvel,Ileso       ,36.0,Feminino
412121,07/08/2008,RN,101,NATAL,Outras,Colisão Transversal,Sem Vítimas        ,Plena noite,Chuva,Simples ,Urbano,Automóvel,Ileso       ,33.0,Masculino
412166,07/08/2008,RN,304,ANGICOS,Defeito mecânico em veículo,Saída de Pista,Com Vítimas Feridas,Pleno dia,Nublado,Simples ,Rural ,Automóvel,Ileso       ,28.0,Masculino
412166,07/08/2008,RN,304,ANGICOS,Defeito mecânico em veículo,Saída de Pista,Com Vítimas Feridas,Pleno dia,Nublado,Simples ,Rural ,Automóvel,Ferido Grave,-1.0,Masculino
412261,08/08/2008,RN,304,MACAIBA,Ultrapassagem indevida,Tombamento,Sem Vítimas        ,Pleno dia,Chuva,Simples ,Rural ,Automóvel,Ileso       ,48.0,Masculino
412261,08/08/2008,RN,304,MACAIBA,Ultrapassagem indevida,Tombamento,Sem Vítimas        ,Pleno dia,Chuva,Simples ,Rural ,Bicicleta,Ignorado    ,-1.0,Inválido
412599,11/08/2008,RN,101,PARNAMIRIM,Outras,Colisão traseira,Com Vítimas Feridas,Pleno dia,Ceu Claro,Dupla   ,Urbano,Caminhonete,Ferido Leve ,39.0,Masculino
412599,11/08/2008,RN,101,PARNAMIRIM,Outras,Colisão traseira,Com Vítimas Feridas,Pleno dia,Ceu Claro,Dupla   ,Urbano,Caminhão,Ferido Leve ,27.0,Masculino
412788,13/08/2008,RN,101,NATAL,Falta de atenção,Colisão traseira,Sem Vítimas        ,Anoitecer,Ceu Claro,Dupla   ,Urbano,Motocicletas,Ileso       ,30.0,Masculino
412788,13/08/2008,RN,101,NATAL,Falta de atenção,Colisão traseira,Sem Vítimas        ,Anoitecer,Ceu Claro,Dupla   ,Urbano,Automóvel,Ileso       ,32.0,Feminino
412936,07/08/2008,RN,304,MACAIBA,Ingestão de álcool,Colisão Transversal,Sem Vítimas        ,Pleno dia,Chuva,Simples ,Urbano,Automóvel,Ileso       ,46.0,Masculino
412936,07/08/2008,RN,304,MACAIBA,Ingestão de álcool,Colisão Transversal,Sem Vítimas        ,Pleno dia,Chuva,Simples ,Urbano,Automóvel,Ileso       ,22.0,Masculino
412971,11/08/2008,RN,101,NATAL,Não guardar distância de segurança,Colisão traseira,Sem Vítimas        ,Pleno dia,Ceu Claro,Dupla   ,Urbano,Automóvel,Ileso       ,34.0,Masculino
412971,11/08/2008,RN,101,NATAL,Não guardar distância de segurança,Colisão traseira,Sem Vítimas        ,Pleno dia,Ceu Claro,Dupla   ,Urbano,Automóvel,Ileso       ,54.0,Feminino
412989,11/01/2008,RN,101,NATAL,Não guardar distância de segurança,Colisão traseira,Sem Vítimas        ,Pleno dia,Ceu Claro,Dupla   ,Urbano,Automóvel,Ileso       ,39.0,Masculino
412989,11/01/2008,RN,101,NATAL,Não guardar distância de segurança,Colisão traseira,Sem Vítimas        ,Pleno dia,Ceu Claro,Dupla   ,Urbano,Automóvel,Ileso       ,73.0,Masculino
412999,14/08/2008,RN,101,SAO JOSE DE MIPIBU,Falta de atenção,Colisão Transversal,Sem Vítimas        ,Pleno dia,Ceu Claro,Simples ,Rural ,Automóvel,Ileso       ,38.0,Masculino
412999,14/08/2008,RN,101,SAO JOSE DE MIPIBU,Falta de atenção,Colisão Transversal,Sem Vítimas        ,Pleno dia,Ceu Claro,Simples ,Rural ,Caminhão,Ileso       ,39.0,Masculino
413023,08/08/2008,RN,101,NATAL,Outras,Colisão lateral,Sem Vítimas        ,Plena noite,Nublado,Múltipla,Urbano,Ônibus,Ileso       ,38.0,Masculino
413023,08/08/2008,RN,101,NATAL,Outras,Colisão lateral,Sem Vítimas        ,Plena noite,Nublado,Múltipla,Urbano,Automóvel,Ileso       ,49.0,Feminino
413333,08/08/2008,RN,101,NATAL,Outras,Colisão com objeto fixo,Sem Vítimas        ,Plena noite,Chuva,Múltipla,Urbano,Automóvel,Ileso       ,59.0,Masculino
413493,13/08/2008,RN,304,MOSSORO,Defeito mecânico em veículo,Saída de Pista,Com Vítimas Feridas,Pleno dia,Ceu Claro,Simples ,Rural ,Automóvel,Ferido Leve ,51.0,Masculino
413493,13/08/2008,RN,304,MOSSORO,Defeito mecânico em veículo,Saída de Pista,Com Vítimas Feridas,Pleno dia,Ceu Claro,Simples ,Rural ,Automóvel,Ferido Leve ,47.0,Masculino
413495,15/08/2008,RN,101,SAO JOSE DE MIPIBU,Falta de atenção,Tombamento,Com Vítimas Feridas,Pleno dia,Ceu Claro,Simples ,Rural ,Motocicletas,Ferido Leve ,41.0,Masculino
413748,14/08/2008,RN,101,NATAL,Falta de atenção,Colisão lateral,Sem Vítimas        ,Pleno dia,Ceu Claro,Dupla   ,Urbano,Ônibus,Ileso       ,50.0,Masculino
413748,14/08/2008,RN,101,NATAL,Falta de atenção,Colisão lateral,Sem Vítimas        ,Pleno dia,Ceu Claro,Dupla   ,Urbano,Camioneta,Ileso       ,-1.0,Masculino
413793,15/08/2008,RN,101,PARNAMIRIM,Falta de atenção,Colisão com bicicleta,Com Vítimas Feridas,Plena noite,Ceu Claro,Dupla   ,Urbano,Automóvel,Ignorado    ,-1.0,Inválido
413793,15/08/2008,RN,101,PARNAMIRIM,Falta de atenção,Colisão com bicicleta,Com Vítimas Feridas,Plena noite,Ceu Claro,Dupla   ,Urbano,Bicicleta,Ferido Grave,55.0,Masculino
413866,28/07/2008,RN,101,EXTREMOZ,Falta de atenção,Colisão traseira,Com Vítimas Feridas,Pleno dia,Ceu Claro,Dupla   ,Rural ,Ciclomotor,Ferido Leve ,-1.0,Masculino
413866,28/07/2008,RN,101,EXTREMOZ,Falta de atenção,Colisão traseira,Com Vítimas Feridas,Pleno dia,Ceu Claro,Dupla   ,Rural ,Microônibus,Ileso       ,47.0,Masculino
413883,16/08/2008,RN,101,PARNAMIRIM,Outras,Colisão com objeto fixo,Com Vítimas Feridas,Pleno dia,Ceu Claro,Dupla   ,Urbano,Motocicletas,Ferido Leve ,30.0,Masculino
413883,16/08/2008,RN,101,PARNAMIRIM,Outras,Colisão com objeto fixo,Com Vítimas Feridas,Pleno dia,Ceu Claro,Dupla   ,Urbano,Motocicletas,Ferido Leve ,30.0,Feminino
413927,16/08/2008,RN,304,LAJES,Ingestão de álcool,Colisão com objeto fixo,Sem Vítimas        ,Anoitecer,Ceu Claro,Simples ,Rural ,Automóvel,Ileso       ,34.0,Masculino
413953,16/08/2008,RN,101,PARNAMIRIM,Outras,Colisão traseira,Sem Vítimas        ,Pleno dia,Ceu Claro,Dupla   ,Urbano,Caminhonete,Ileso       ,42.0,Masculino
413953,16/08/2008,RN,101,PARNAMIRIM,Outras,Colisão traseira,Sem Vítimas        ,Pleno dia,Ceu Claro,Dupla   ,Urbano,Automóvel,Ileso       ,74.0,Masculino
413962,16/08/2008,RN,304,SANTA MARIA,Outras,Colisão lateral,Sem Vítimas        ,Pleno dia,Ceu Claro,Simples ,Rural ,Caminhonete,Ileso       ,32.0,Masculino
413962,16/08/2008,RN,304,SANTA MARIA,Outras,Colisão lateral,Sem Vítimas        ,Pleno dia,Ceu Claro,Simples ,Rural ,Camioneta,Ileso       ,51.0,Masculino
414139,01/08/2008,RN,101,PARNAMIRIM,Falta de atenção,Colisão Transversal,Sem Vítimas        ,Pleno dia,Sol,Dupla   ,Urbano,Caminhão-Trator,Ileso       ,37.0,Masculino
414139,01/08/2008,RN,101,PARNAMIRIM,Falta de atenção,Colisão Transversal,Sem Vítimas        ,Pleno dia,Sol,Dupla   ,Urbano,Caminhão-Trator,Ileso       ,54.0,Masculino
414159,09/08/2008,RN,101,NATAL,Não guardar distância de segurança,Colisão traseira,Sem Vítimas        ,Pleno dia,Sol,Dupla   ,Urbano,Automóvel,Ileso       ,23.0,Masculino
414159,09/08/2008,RN,101,NATAL,Não guardar distância de segurança,Colisão traseira,Sem Vítimas        ,Pleno dia,Sol,Dupla   ,Urbano,Camioneta,Ileso       ,27.0,Masculino
414159,09/08/2008,RN,101,NATAL,Não guardar distância de segurança,Colisão traseira,Sem Vítimas        ,Pleno dia,Sol,Dupla   ,Urbano,Automóvel,Ileso       ,20.0,Masculino
414171,09/08/2008,RN,101,NATAL,Falta de atenção,Colisão traseira,Sem Vítimas        ,Pleno dia,Sol,Dupla   ,Urbano,Automóvel,Ileso       ,38.0,Masculino
414171,09/08/2008,RN,101,NATAL,Falta de atenção,Colisão traseira,Sem Vítimas        ,Pleno dia,Sol,Dupla   ,Urbano,Ônibus,Ileso       ,26.0,Masculino
414176,17/08/2008,RN,304,MOSSORO,Falta de atenção,Queda de motocicleta / bicicleta / veículo,Ignorado           ,Pleno dia,Ceu Claro,Simples ,Urbano,Motoneta,Ignorado    ,-1.0,Inválido
414186,09/08/2008,RN,101,NATAL,Falta de atenção,Colisão lateral,Sem Vítimas        ,Pleno dia,Sol,Dupla   ,Urbano,Automóvel,Ileso       ,56.0,Masculino
414186,09/08/2008,RN,101,NATAL,Falta de atenção,Colisão lateral,Sem Vítimas        ,Pleno dia,Sol,Dupla   ,Urbano,Automóvel,Ileso       ,23.0,Masculino
414239,13/08/2008,RN,101,PARNAMIRIM,Falta de atenção,Colisão traseira,Sem Vítimas        ,Pleno dia,Ceu Claro,Dupla   ,Urbano,Automóvel,Ileso       ,45.0,Masculino
414239,13/08/2008,RN,101,PARNAMIRIM,Falta de atenção,Colisão traseira,Sem Vítimas        ,Pleno dia,Ceu Claro,Dupla   ,Urbano,Ônibus,Ileso       ,25.0,Masculino
414317,01/08/2008,RN,101,NATAL,Falta de atenção,Colisão traseira,Sem Vítimas        ,Pleno dia,Ceu Claro,Dupla   ,Urbano,Automóvel,Ileso       ,33.0,Feminino
414317,01/08/2008,RN,101,NATAL,Falta de atenção,Colisão traseira,Sem Vítimas        ,Pleno dia,Ceu Claro,Dupla   ,Urbano,Automóvel,Ileso       ,45.0,Masculino
414357,17/08/2008,RN,304,MACAIBA,Falta de atenção,Colisão Transversal,Sem Vítimas        ,Pleno dia,Ceu Claro,Simples ,Urbano,Automóvel,Ileso       ,37.0,Masculino
414357,17/08/2008,RN,304,MACAIBA,Falta de atenção,Colisão Transversal,Sem Vítimas        ,Pleno dia,Ceu Claro,Simples ,Urbano,Utilitário,Ileso       ,39.0,Masculino
414361,17/08/2008,RN,226,SANTA CRUZ,Animais na Pista,Atropelamento de animal,Sem Vítimas        ,Plena noite,Ceu Claro,Simples ,Rural ,Automóvel,Ileso       ,55.0,Masculino
414418,10/08/2008,RN,101,PARNAMIRIM,Ultrapassagem indevida,Colisão lateral,Com Vítimas Feridas,Plena noite,Nublado,Simples ,Urbano,Caminhão,Ileso       ,22.0,Masculino
414418,10/08/2008,RN,101,PARNAMIRIM,Ultrapassagem indevida,Colisão lateral,Com Vítimas Feridas,Plena noite,Nublado,Simples ,Urbano,Motocicletas,Ferido Grave,-1.0,Masculino
414418,10/08/2008,RN,101,PARNAMIRIM,Ultrapassagem indevida,Colisão lateral,Com Vítimas Feridas,Plena noite,Nublado,Simples ,Urbano,Motocicletas,Ferido Leve ,19.0,Masculino
414450,04/08/2008,RN,101,NATAL,Não guardar distância de segurança,Colisão traseira,Sem Vítimas        ,Pleno dia,Sol,Dupla   ,Urbano,Automóvel,Ileso       ,62.0,Masculino
414450,04/08/2008,RN,101,NATAL,Não guardar distância de segurança,Colisão traseira,Sem Vítimas        ,Pleno dia,Sol,Dupla   ,Urbano,Caminhão,Ileso       ,53.0,Masculino
414451,17/08/2008,RN,304,SAO PEDRO,Outras,Colisão com bicicleta,Com Vítimas Feridas,Plena noite,Ceu Claro,Simples ,Rural ,Automóvel,Ileso       ,46.0,Masculino
414451,17/08/2008,RN,304,SAO PEDRO,Outras,Colisão com bicicleta,Com Vítimas Feridas,Plena noite,Ceu Claro,Simples ,Rural ,Bicicleta,Ferido Leve ,39.0,Masculino
414465,08/08/2008,RN,101,NATAL,Outras,Colisão lateral,Sem Vítimas        ,Pleno dia,Sol,Dupla   ,Urbano,Ônibus,Ileso       ,37.0,Masculino
414465,08/08/2008,RN,101,NATAL,Outras,Colisão lateral,Sem Vítimas        ,Pleno dia,Sol,Dupla   ,Urbano,Caminhonete,Ileso       ,29.0,Masculino
414495,18/08/2008,RN,304,MACAIBA,Outras,Atropelamento de pessoa,Com Vítimas Feridas,Pleno dia,Ceu Claro,Simples ,Urbano,Automóvel,Ileso       ,46.0,Feminino
414495,18/08/2008,RN,304,MACAIBA,Outras,Atropelamento de pessoa,Com Vítimas Feridas,Pleno dia,Ceu Claro,Simples ,Urbano,(null),Ferido Leve ,49.0,Feminino
414530,18/08/2008,RN,101,NATAL,Não guardar distância de segurança,Colisão traseira,Sem Vítimas        ,Pleno dia,Ceu Claro,Dupla   ,Urbano,Automóvel,Ileso       ,48.0,Masculino
414530,18/08/2008,RN,101,NATAL,Não guardar distância de segurança,Colisão traseira,Sem Vítimas        ,Pleno dia,Ceu Claro,Dupla   ,Urbano,Automóvel,Ileso       ,-1.0,Feminino
414530,18/08/2008,RN,101,NATAL,Não guardar distância de segurança,Colisão traseira,Sem Vítimas        ,Pleno dia,Ceu Claro,Dupla   ,Urbano,Automóvel,Ileso       ,55.0,Masculino
414530,18/08/2008,RN,101,NATAL,Não guardar distância de segurança,Colisão traseira,Sem Vítimas        ,Pleno dia,Ceu Claro,Dupla   ,Urbano,Automóvel,Ileso       ,43.0,Masculino
414532,18/08/2008,RN,110,MOSSORO,Falta de atenção,Saída de Pista,Com Vítimas Feridas,Pleno dia,Ceu Claro,Simples ,Rural ,Automóvel,Ferido Grave,21.0,Masculino
414763,18/08/2008,RN,101,NATAL,Falta de atenção,Colisão traseira,Sem Vítimas        ,Pleno dia,Ceu Claro,Dupla   ,Urbano,Caminhonete,Ileso       ,55.0,Masculino
414763,18/08/2008,RN,101,NATAL,Falta de atenção,Colisão traseira,Sem Vítimas        ,Pleno dia,Ceu Claro,Dupla   ,Urbano,Automóvel,Ileso       ,45.0,Feminino
414805,18/08/2008,RN,304,MOSSORO,Falta de atenção,Colisão Transversal,Sem Vítimas        ,Pleno dia,Ceu Claro,Simples ,Urbano,Automóvel,Ileso       ,50.0,Feminino
414805,18/08/2008,RN,304,MOSSORO,Falta de atenção,Colisão Transversal,Sem Vítimas        ,Pleno dia,Ceu Claro,Simples ,Urbano,Motocicletas,Ileso       ,26.0,Feminino
414836,18/08/2008,RN,304,MOSSORO,Ingestão de álcool,Colisão traseira,Sem Vítimas        ,Plena noite,Ceu Claro,Simples ,Rural ,Automóvel,Ileso       ,31.0,Masculino
414836,18/08/2008,RN,304,MOSSORO,Ingestão de álcool,Colisão traseira,Sem Vítimas        ,Plena noite,Ceu Claro,Simples ,Rural ,Automóvel,Ileso       ,39.0,Masculino
414913,16/08/2008,RN,101,NATAL,Falta de atenção,Tombamento,Com Vítimas Feridas,Plena noite,Ceu Claro,Múltipla,Urbano,Motocicletas,Ferido Leve ,26.0,Masculino
414913,16/08/2008,RN,101,NATAL,Falta de atenção,Tombamento,Com Vítimas Feridas,Plena noite,Ceu Claro,Múltipla,Urbano,Automóvel,Ileso       ,-1.0,Inválido
414948,19/08/2008,RN,101,NATAL,Falta de atenção,Colisão lateral,Sem Vítimas        ,Pleno dia,Ceu Claro,Dupla   ,Urbano,Ônibus,Ileso       ,29.0,Masculino
414948,19/08/2008,RN,101,NATAL,Falta de atenção,Colisão lateral,Sem Vítimas        ,Pleno dia,Ceu Claro,Dupla   ,Urbano,Automóvel,Ileso       ,54.0,Feminino
414955,17/08/2008,RN,304,MOSSORO,Outras,Queda de motocicleta / bicicleta / veículo,Com Vítimas Feridas,Pleno dia,Ceu Claro,Dupla   ,Urbano,Motocicletas,Ferido Leve ,18.0,Masculino
414955,17/08/2008,RN,304,MOSSORO,Outras,Queda de motocicleta / bicicleta / veículo,Com Vítimas Feridas,Pleno dia,Ceu Claro,Dupla   ,Urbano,Motocicletas,Ferido Leve ,18.0,Feminino