id,data_inversa,uf,br,municipio,causa_acidente,tipo_acidente,classificacao_acidente,fase_dia,condicao_metereologica,tipo_pista,uso_solo,tipo_veiculo,estado_fisico,idade,sexo
431448,29/09/2008,RN,101,NATAL,Ultrapassagem indevida,Colisão lateral,Sem Vítimas        ,Pleno dia,Ceu Claro,Simples ,Urbano,Caminhão,Ileso       ,31.0,Masculino
431448,29/09/2008,RN,101,NATAL,Ultrapassagem indevida,Colisão lateral,Sem Vítimas        ,Pleno dia,Ceu Claro,Simples ,Urbano,Automóvel,Ileso       ,59.0,Masculino
431457,29/09/2008,RN,101,PARNAMIRIM,Falta de atenção,Colisão com bicicleta,Com Vítimas Feridas,Pleno dia,Sol,Dupla   ,Urbano,Automóvel,Ileso       ,63.0,Masculino
431457,29/09/2008,RN,101,PARNAMIRIM,Falta de atenção,Colisão com bicicleta,Com Vítimas Feridas,Pleno dia,Sol,Dupla   ,Urbano,Bicicleta,Ferido Leve ,12.0,Feminino
431481,25/09/2008,RN,101,PARNAMIRIM,Falta de atenção,Colisão Transversal,Sem Vítimas        ,Pleno dia,Sol,Simples ,Urbano,Caminhonete,Ileso       ,57.0,Masculino
431481,25/09/2008,RN,101,PARNAMIRIM,Falta de atenção,Colisão Transversal,Sem Vítimas        ,Pleno dia,Sol,Simples ,Urbano,Automóvel,Ileso       ,44.0,Masculino
431529,29/09/2008,RN,101,NATAL,Falta de atenção,Colisão traseira,Sem Vítimas        ,Plena noite,Ceu Claro,Dupla   ,Urbano,Automóvel,Ileso       ,27.0,Masculino
431529,29/09/2008,RN,101,NATAL,Falta de atenção,Colisão traseira,Sem Vítimas        ,Plena noite,Ceu Claro,Dupla   ,Urbano,Automóvel,Ileso       ,53.0,Masculino
431591,29/09/2008,RN,101,SAO GONCALO DO AMARANTE,Falta de atenção,Colisão lateral,Com Vítimas Feridas,Pleno dia,Sol,Dupla   ,Urbano,Automóvel,Ileso       ,57.0,Masculino
431591,29/09/2008,RN,101,SAO GONCALO DO AMARANTE,Falta de atenção,Colisão lateral,Com Vítimas Feridas,Pleno dia,Sol,Dupla   ,Urbano,Motocicletas,Ferido Grave,-1.0,Masculino
431656,29/09/2008,RN,110,MOSSORO,Falta de atenção,Colisão Transversal,Com Vítimas Feridas,Plena noite,Ceu Claro,Simples ,Urbano,Automóvel,Ileso       ,51.0,Masculino
431656,29/09/2008,RN,110,MOSSORO,Falta de atenção,Colisão Transversal,Com Vítimas Feridas,Plena noite,Ceu Claro,Simples ,Urbano,Motocicletas,Ferido Leve ,20.0,Masculino
431667,25/09/2008,RN,304,PARNAMIRIM,Defeito mecânico em veículo,Queda de motocicleta / bicicleta / veículo,Com Vítimas Feridas,Pleno dia,Sol,Dupla   ,Urbano,Motocicletas,Ferido Grave,29.0,Masculino
431667,25/09/2008,RN,304,PARNAMIRIM,Defeito mecânico em veículo,Queda de motocicleta / bicicleta / veículo,Com Vítimas Feridas,Pleno dia,Sol,Dupla   ,Urbano,Motocicletas,Ferido Leve ,27.0,Masculino
431686,25/09/2008,RN,101,NATAL,Falta de atenção,Colisão Transversal,Sem Vítimas        ,Plena noite,Ceu Claro,Dupla   ,Urbano,Microônibus,Ileso       ,23.0,Masculino
431686,25/09/2008,RN,101,NATAL,Falta de atenção,Colisão Transversal,Sem Vítimas        ,Plena noite,Ceu Claro,Dupla   ,Urbano,Automóvel,Ileso       ,38.0,Masculino
431803,26/09/2008,RN,101,NATAL,Falta de atenção,Colisão traseira,Sem Vítimas        ,Pleno dia,Ceu Claro,Dupla   ,Urbano,Caminhonete,Ileso       ,40.0,Masculino
431803,26/09/2008,RN,101,NATAL,Falta de atenção,Colisão traseira,Sem Vítimas        ,Pleno dia,Ceu Claro,Dupla   ,Urbano,Caminhonete,Ileso       ,31.0,Masculino
431808,30/09/2008,RN,101,NATAL,Falta de atenção,Colisão Transversal,Sem Vítimas        ,Pleno dia,Ceu Claro,Dupla   ,Urbano,Automóvel,Ileso       ,51.0,Masculino
431808,30/09/2008,RN,101,NATAL,Falta de atenção,Colisão Transversal,Sem Vítimas        ,Pleno dia,Ceu Claro,Dupla   ,Urbano,Utilitário,Ileso       ,29.0,Masculino
431821,30/09/2008,RN,101,NATAL,Falta de atenção,Colisão traseira,Sem Vítimas        ,Pleno dia,Sol,Dupla   ,Urbano,Caminhonete,Ileso       ,50.0,Masculino
431821,30/09/2008,RN,101,NATAL,Falta de atenção,Colisão traseira,Sem Vítimas        ,Pleno dia,Sol,Dupla   ,Urbano,Automóvel,Ileso       ,29.0,Masculino
431845,26/09/2008,RN,101,NATAL,Não guardar distância de segurança,Colisão traseira,Sem Vítimas        ,Plena noite,Ignorada,Dupla   ,Urbano,Automóvel,Ileso       ,48.0,Feminino
431845,26/09/2008,RN,101,NATAL,Não guardar distância de segurança,Colisão traseira,Sem Vítimas        ,Plena noite,Ignorada,Dupla   ,Urbano,Automóvel,Ileso       ,35.0,Feminino
431845,26/09/2008,RN,101,NATAL,Não guardar distância de segurança,Colisão traseira,Sem Vítimas        ,Plena noite,Ignorada,Dupla   ,Urbano,Automóvel,Ileso       ,36.0,Masculino
431848,26/09/2008,RN,304,FERNANDO PEDROZA,Falta de atenção,Colisão lateral,Sem Vítimas        ,Pleno dia,Ceu Claro,Simples ,Rural ,Caminhão-Trator,Ileso       ,25.0,Masculino
431848,26/09/2008,RN,304,FERNANDO PEDROZA,Falta de atenção,Colisão lateral,Sem Vítimas        ,Pleno dia,Ceu Claro,Simples ,Rural ,Não identificado,Ignorado    ,-1.0,Inválido
431954,26/09/2008,RN,101,RIO DO FOGO,Animais na Pista,Atropelamento de animal,Sem Vítimas        ,Plena noite,Ceu Claro,Simples ,Rural ,Automóvel,Ileso       ,-1.0,Masculino
432028,26/09/2008,RN,101,NATAL,Não guardar distância de segurança,Colisão traseira,Sem Vítimas        ,Plena noite,Ignorada,Múltipla,Urbano,Automóvel,Ileso       ,35.0,Masculino
432028,26/09/2008,RN,101,NATAL,Não guardar distância de segurança,Colisão traseira,Sem Vítimas        ,Plena noite,Ignorada,Múltipla,Urbano,Camioneta,Ileso       ,61.0,Masculino
432028,26/09/2008,RN,101,NATAL,Não guardar distância de segurança,Colisão traseira,Sem Vítimas        ,Plena noite,Ignorada,Múltipla,Urbano,Caminhão,Ileso       ,55.0,Masculino
432040,30/09/2008,RN,101,NATAL,Falta de atenção,Atropelamento de pessoa,Com Vítimas Feridas,Pleno dia,Chuva,Dupla   ,Urbano,Automóvel,Ileso       ,37.0,Masculino
432040,30/09/2008,RN,101,NATAL,Falta de atenção,Atropelamento de pessoa,Com Vítimas Feridas,Pleno dia,Chuva,Dupla   ,Urbano,(null),Ferido Leve ,88.0,Masculino
432050,30/09/2008,RN,101,NATAL,Falta de atenção,Colisão Transversal,Com Vítimas Feridas,Plena noite,Ceu Claro,Dupla   ,Urbano,Motocicletas,Ferido Leve ,20.0,Masculino
432050,30/09/2008,RN,101,NATAL,Falta de atenção,Colisão Transversal,Com Vítimas Feridas,Plena noite,Ceu Claro,Dupla   ,Urbano,Motocicletas,Ferido Leve ,27.0,Masculino
432180,26/09/2008,RN,101,RIO DO FOGO,Animais na Pista,Atropelamento de animal,Sem Vítimas        ,Plena noite,Ceu Claro,Simples ,Rural ,Automóvel,Ileso       ,32.0,Masculino
432188,22/09/2008,RN,101,SAO JOSE DE MIPIBU,Falta de atenção,Colisão traseira,Sem Vítimas        ,Pleno dia,Ceu Claro,Simples ,Rural ,Automóvel,Ileso       ,32.0,Masculino
432188,22/09/2008,RN,101,SAO JOSE DE MIPIBU,Falta de atenção,Colisão traseira,Sem Vítimas        ,Pleno dia,Ceu Claro,Simples ,Rural ,Automóvel,Ileso       ,43.0,Masculino
432286,01/10/2008,RN,101,NATAL,Falta de atenção,Colisão lateral,Sem Vítimas        ,Pleno dia,Ceu Claro,Múltipla,Urbano,Automóvel,Ileso       ,64.0,Masculino
432286,01/10/2008,RN,101,NATAL,Falta de atenção,Colisão lateral,Sem Vítimas        ,Pleno dia,Ceu Claro,Múltipla,Urbano,Automóvel,Ileso       ,18.0,Feminino
432287,28/09/2008,RN,101,PARNAMIRIM,Outras,Atropelamento de pessoa,Com Vítimas Feridas,Amanhecer,Ceu Claro,Dupla   ,Urbano,Automóvel,Ignorado    ,-1.0,Inválido
432287,28/09/2008,RN,101,PARNAMIRIM,Outras,Atropelamento de pessoa,Com Vítimas Feridas,Amanhecer,Ceu Claro,Dupla   ,Urbano,(null),Ferido Leve ,19.0,Masculino
432297,01/10/2008,RN,101,NATAL,Falta de atenção,Colisão traseira,Sem Vítimas        ,Plena noite,Ceu Claro,Dupla   ,Urbano,Automóvel,Ileso       ,36.0,Masculino
432297,01/10/2008,RN,101,NATAL,Falta de atenção,Colisão traseira,Sem Vítimas        ,Plena noite,Ceu Claro,Dupla   ,Urbano,Microônibus,Ileso       ,26.0,Masculino
432337,18/09/2008,RN,101,PARNAMIRIM,Falta de atenção,Colisão Transversal,Com Vítimas Feridas,Anoitecer,Ceu Claro,Simples ,Rural ,Motocicletas,Ferido Leve ,28.0,Masculino
432337,18/09/2008,RN,101,PARNAMIRIM,Falta de atenção,Colisão Transversal,Com Vítimas Feridas,Anoitecer,Ceu Claro,Simples ,Rural ,Microônibus,Ileso       ,60.0,Masculino
432395,01/10/2008,RN,405,FELIPE GUERRA,Ingestão de álcool,Colisão lateral,Sem Vítimas        ,Plena noite,Ceu Claro,Simples ,Rural ,Automóvel,Ileso       ,52.0,Masculino
432395,01/10/2008,RN,405,FELIPE GUERRA,Ingestão de álcool,Colisão lateral,Sem Vítimas        ,Plena noite,Ceu Claro,Simples ,Rural ,Caminhonete,Ileso       ,40.0,Masculino
432420,02/10/2008,RN,101,SAO JOSE DE MIPIBU,Falta de atenção,Colisão Transversal,Com Vítimas Fatais ,Plena noite,Chuva,Simples ,Urbano,Motocicletas,Morto       ,21.0,Masculino
432420,02/10/2008,RN,101,SAO JOSE DE MIPIBU,Falta de atenção,Colisão Transversal,Com Vítimas Fatais ,Plena noite,Chuva,Simples ,Urbano,Caminhão,Ignorado    ,-1.0,Inválido
432452,28/09/2008,RN,101,PARNAMIRIM,Desobediência à sinalização,Atropelamento de pessoa,Com Vítimas Fatais ,Pleno dia,Ceu Claro,Dupla   ,Urbano,Automóvel,Ignorado    ,-1.0,Inválido
432452,28/09/2008,RN,101,PARNAMIRIM,Desobediência à sinalização,Atropelamento de pessoa,Com Vítimas Fatais ,Pleno dia,Ceu Claro,Dupla   ,Urbano,(null),Morto       ,53.0,Masculino
432466,26/09/2008,RN,101,NATAL,Falta de atenção,Colisão traseira,Sem Vítimas        ,Pleno dia,Ceu Claro,Dupla   ,Urbano,Automóvel,Ileso       ,46.0,Masculino
432466,26/09/2008,RN,101,NATAL,Falta de atenção,Colisão traseira,Sem Vítimas        ,Pleno dia,Ceu Claro,Dupla   ,Urbano,Automóvel,Ileso       ,52.0,Masculino
432466,26/09/2008,RN,101,NATAL,Falta de atenção,Colisão traseira,Sem Vítimas        ,Pleno dia,Ceu Claro,Dupla   ,Urbano,Automóvel,Ileso       ,35.0,Feminino
432466,26/09/2008,RN,101,NATAL,Falta de atenção,Colisão traseira,Sem Vítimas        ,Pleno dia,Ceu Claro,Dupla   ,Urbano,Automóvel,Ileso       ,28.0,Masculino
432544,28/09/2008,RN,101,NATAL,Falta de atenção,Colisão lateral,Sem Vítimas        ,Pleno dia,Ceu Claro,Múltipla,Urbano,Camioneta,Ileso       ,26.0,Masculino
432544,28/09/2008,RN,101,NATAL,Falta de atenção,Colisão lateral,Sem Vítimas        ,Pleno dia,Ceu Claro,Múltipla,Urbano,Automóvel,Ileso       ,39.0,Masculino
432606,02/10/2008,RN,101,PARNAMIRIM,Não guardar distância de segurança,Colisão traseira,Sem Vítimas        ,Pleno dia,Nublado,Dupla   ,Urbano,Automóvel,Ileso       ,39.0,Masculino
432606,02/10/2008,RN,101,PARNAMIRIM,Não guardar distância de segurança,Colisão traseira,Sem Vítimas        ,Pleno dia,Nublado,Dupla   ,Urbano,Caminhão-Trator,Ileso       ,55.0,Masculino
432630,02/10/2008,RN,304,MACAIBA,Falta de atenção,Colisão Transversal,Com Vítimas Feridas,Pleno dia,Sol,Simples ,Rural ,Automóvel,Ileso       ,44.0,Feminino
432630,02/10/2008,RN,304,MACAIBA,Falta de atenção,Colisão Transversal,Com Vítimas Feridas,Pleno dia,Sol,Simples ,Rural ,Motocicletas,Ferido Leve ,33.0,Masculino
432699,29/09/2008,RN,101,NATAL,Não guardar distância de segurança,Colisão traseira,Sem Vítimas        ,Plena noite,Ceu Claro,Múltipla,Urbano,Automóvel,Ileso       ,56.0,Masculino
432699,29/09/2008,RN,101,NATAL,Não guardar distância de segurança,Colisão traseira,Sem Vítimas        ,Plena noite,Ceu Claro,Múltipla,Urbano,Automóvel,Ileso       ,34.0,Masculino
432745,02/10/2008,RN,101,NATAL,Falta de atenção,Colisão traseira,Sem Vítimas        ,Plena noite,Ceu Claro,Dupla   ,Urbano,Automóvel,Ileso       ,60.0,Masculino
432745,02/10/2008,RN,101,NATAL,Falta de atenção,Colisão traseira,Sem Vítimas        ,Plena noite,Ceu Claro,Dupla   ,Urbano,Motocicletas,Ignorado    ,-1.0,Inválido
432785,02/10/2008,RN,101,NATAL,Outras,Colisão frontal,Com Vítimas Fatais ,Pleno dia,Nublado,Dupla   ,Urbano,Automóvel,Morto       ,39.0,Masculino
432785,02/10/2008,RN,101,NATAL,Outras,Colisão frontal,Com Vítimas Fatais ,Pleno dia,Nublado,Dupla   ,Urbano,Caminhão,Ileso       ,25.0,Masculino
432848,28/09/2008,RN,101,NATAL,Falta de atenção,Colisão traseira,Sem Vítimas        ,Plena noite,Ceu Claro,Múltipla,Urbano,Caminhonete,Ileso       ,34.0,Masculino
432848,28/09/2008,RN,101,NATAL,Falta de atenção,Colisão traseira,Sem Vítimas        ,Plena noite,Ceu Claro,Múltipla,Urbano,Automóvel,Ileso       ,28.0,Feminino
432853,25/09/2008,RN,304,MACAIBA,Desobediência à sinalização,Colisão frontal,Com Vítimas Fatais ,Plena noite,Ceu Claro,Dupla   ,Urbano,Automóvel,Morto       ,45.0,Masculino
432853,25/09/2008,RN,304,MACAIBA,Desobediência à sinalização,Colisão frontal,Com Vítimas Fatais ,Plena noite,Ceu Claro,Dupla   ,Urbano,Automóvel,Morto       ,27.0,Masculino
433068,03/10/2008,RN,101,SAO JOSE DE MIPIBU,Falta de atenção,Colisão lateral,Sem Vítimas        ,Pleno dia,Ceu Claro,Simples ,Rural ,Automóvel,Ileso       ,43.0,Feminino
433068,03/10/2008,RN,101,SAO JOSE DE MIPIBU,Falta de atenção,Colisão lateral,Sem Vítimas        ,Pleno dia,Ceu Claro,Simples ,Rural ,Semi-Reboque,Ignorado    ,-1.0,Inválido
433110,03/10/2008,RN,110,MOSSORO,Falta de atenção,Colisão traseira,Sem Vítimas        ,Anoitecer,Ceu Claro,Simples ,Urbano,Automóvel,Ileso       ,41.0,Masculino
433110,03/10/2008,RN,110,MOSSORO,Falta de atenção,Colisão traseira,Sem Vítimas        ,Anoitecer,Ceu Claro,Simples ,Urbano,Caminhonete,Ileso       ,36.0,Masculino
433149,25/09/2008,RN,101,PARNAMIRIM,Falta de atenção,Colisão lateral,Sem Vítimas        ,Pleno dia,Ceu Claro,Múltipla,Urbano,Caminhão,Ileso       ,52.0,Masculino
433149,25/09/2008,RN,101,PARNAMIRIM,Falta de atenção,Colisão lateral,Sem Vítimas        ,Pleno dia,Ceu Claro,Múltipla,Urbano,Automóvel,Ileso       ,44.0,Masculino
433184,03/10/2008,RN,406,JANDAIRA,Outras,Colisão traseira,Com Vítimas Feridas,Plena noite,Ceu Claro,Simples ,Rural ,Automóvel,Ferido Grave,41.0,Masculino
433184,03/10/2008,RN,406,JANDAIRA,Outras,Colisão traseira,Com Vítimas Feridas,Plena noite,Ceu Claro,Simples ,Rural ,Caminhão,Ileso       ,25.0,Masculino
433184,03/10/2008,RN,406,JANDAIRA,Outras,Colisão traseira,Com Vítimas Feridas,Plena noite,Ceu Claro,Simples ,Rural ,Automóvel,Ferido Grave,37.0,Feminino
433193,03/10/2008,RN,110,MOSSORO,Falta de atenção,Colisão lateral,Sem Vítimas        ,Pleno dia,Ceu Claro,Simples ,Urbano,Automóvel,Ileso       ,31.0,Masculino
433193,03/10/2008,RN,110,MOSSORO,Falta de atenção,Colisão lateral,Sem Vítimas        ,Pleno dia,Ceu Claro,Simples ,Urbano,Motocicletas,Ignorado    ,-1.0,Masculino
433195,25/09/2008,RN,101,NATAL,Falta de atenção,Colisão lateral,Sem Vítimas        ,Anoitecer,Ceu Claro,Múltipla,Urbano,Automóvel,Ileso       ,27.0,Masculino
433195,25/09/2008,RN,101,NATAL,Falta de atenção,Colisão lateral,Sem Vítimas        ,Anoitecer,Ceu Claro,Múltipla,Urbano,Ônibus,Ileso       ,34.0,Masculino
433288,18/09/2008,RN,101,CANGUARETAMA,Falta de atenção,Colisão lateral,Sem Vítimas        ,Pleno dia,Sol,Simples ,Rural ,Caminhão,Ileso       ,34.0,Masculino
433288,18/09/2008,RN,101,CANGUARETAMA,Falta de atenção,Colisão lateral,Sem Vítimas        ,Pleno dia,Sol,Simples ,Rural ,Automóvel,Ileso       ,29.0,Masculino
433291,02/10/2008,RN,304,MACAIBA,Animais na Pista,Atropelamento de animal,Com Vítimas Feridas,Plena noite,Ceu Claro,Dupla   ,Urbano,Automóvel,Ferido Leve ,29.0,Feminino
433516,04/10/2008,RN,101,SAO GONCALO DO AMARANTE,Falta de atenção,Atropelamento de pessoa,Com Vítimas Feridas,Pleno dia,Ceu Claro,Dupla   ,Urbano,Automóvel,Ileso       ,57.0,Masculino
433516,04/10/2008,RN,101,SAO GONCALO DO AMARANTE,Falta de atenção,Atropelamento de pessoa,Com Vítimas Feridas,Pleno dia,Ceu Claro,Dupla   ,Urbano,(null),Ferido Grave,47.0,Masculino
433519,04/10/2008,RN,101,CEARA-MIRIM,Falta de atenção,Colisão Transversal,Com Vítimas Feridas,Pleno dia,Ceu Claro,Simples ,Rural ,Automóvel,Ileso       ,29.0,Masculino
433519,04/10/2008,RN,101,CEARA-MIRIM,Falta de atenção,Colisão Transversal,Com Vítimas Feridas,Pleno dia,Ceu Claro,Simples ,Rural ,Automóvel,Ferido Leve ,62.0,Masculino
433575,04/10/2008,RN,101,NATAL,Não guardar distância de segurança,Colisão traseira,Sem Vítimas        ,Plena noite,Ignorada,Dupla   ,Urbano,Automóvel,Ileso       ,28.0,Masculino
433575,04/10/2008,RN,101,NATAL,Não guardar distância de segurança,Colisão traseira,Sem Vítimas        ,Plena noite,Ignorada,Dupla   ,Urbano,Automóvel,Ignorado    ,-1.0,Feminino
433575,04/10/2008,RN,101,NATAL,Não guardar distância de segurança,Colisão traseira,Sem Vítimas        ,Plena noite,Ignorada,Dupla   ,Urbano,Caminhonete,Ignorado    ,-1.0,Masculino
433730,02/10/2008,RN,304,MOSSORO,Outras,Tombamento,Com Vítimas Feridas,Pleno dia,Sol,Simples ,Urbano,Motocicletas,Ferido Leve ,23.0,Masculino
433730,02/10/2008,RN,304,MOSSORO,Outras,Tombamento,Com Vítimas Feridas,Pleno dia,Sol,Simples ,Urbano,Caminhão-Trator,Ileso       ,57.0,Masculino
433730,02/10/2008,RN,304,MOSSORO,Outras,Tombamento,Com Vítimas Feridas,Pleno dia,Sol,Simples ,Urbano,Bicicleta,Ignorado    ,-1.0,Masculino
433773,05/10/2008,RN,226,BOM JESUS,Ultrapassagem indevida,Colisão frontal,Com Vítimas Feridas,Amanhecer,Ceu Claro,Simples ,Rural ,Automóvel,Ileso       ,53.0,Masculino
433773,05/10/2008,RN,226,BOM JESUS,Ultrapassagem indevida,Colisão frontal,Com Vítimas Feridas,Amanhecer,Ceu Claro,Simples ,Rural ,Automóvel,Ferido Grave,61.0,Masculino
433773,05/10/2008,RN,226,BOM JESUS,Ultrapassagem indevida,Colisão frontal,Com Vítimas Feridas,Amanhecer,Ceu Claro,Simples ,Rural ,Automóvel,Ferido Leve ,-1.0,Feminino
433773,05/10/2008,RN,226,BOM JESUS,Ultrapassagem indevida,Colisão frontal,Com Vítimas Feridas,Amanhecer,Ceu Claro,Simples ,Rural ,Automóvel,Ferido Leve ,-1.0,Masculino
433773,05/10/2008,RN,226,BOM JESUS,Ultrapassagem indevida,Colisão frontal,Com Vítimas Feridas,Amanhecer,Ceu Claro,Simples ,Rural ,Automóvel,Ferido Leve ,-1.0,Feminino
433791,05/10/2008,RN,101,NATAL,Outras,Colisão com objeto móvel,Sem Vítimas        ,Pleno dia,Ceu Claro,Dupla   ,Urbano,Automóvel,Ileso       ,30.0,Masculino
433791,05/10/2008,RN,101,NATAL,Outras,Colisão com objeto móvel,Sem Vítimas        ,Pleno dia,Ceu Claro,Dupla   ,Urbano,Automóvel,Ileso       ,44.0,Masculino
433796,05/10/2008,RN,406,SAO GONCALO DO AMARANTE,Falta de atenção,Colisão lateral,Sem Vítimas        ,Pleno dia,Ceu Claro,Simples ,Urbano,Ônibus,Ileso       ,31.0,Masculino
433796,05/10/2008,RN,406,SAO GONCALO DO AMARANTE,Falta de atenção,Colisão lateral,Sem Vítimas        ,Pleno dia,Ceu Claro,Simples ,Urbano,Automóvel,Ileso       ,45.0,Masculino
433808,05/10/2008,RN,406,POCO BRANCO,Falta de atenção,Colisão com bicicleta,Com Vítimas Fatais ,Pleno dia,Nublado,Simples ,Rural ,Automóvel,Ileso       ,48.0,Masculino
433808,05/10/2008,RN,406,POCO BRANCO,Falta de atenção,Colisão com bicicleta,Com Vítimas Fatais ,Pleno dia,Nublado,Simples ,Rural ,Bicicleta,Morto       ,14.0,Masculino
433818,05/10/2008,RN,304,MACAIBA,Falta de atenção,Colisão traseira,Sem Vítimas        ,Anoitecer,Ceu Claro,Simples ,Urbano,Automóvel,Ileso       ,43.0,Masculino
433818,05/10/2008,RN,304,MACAIBA,Falta de atenção,Colisão traseira,Sem Vítimas        ,Anoitecer,Ceu Claro,Simples ,Urbano,Automóvel,Ileso       ,31.0,Feminino
433820,05/10/2008,RN,101,ARES,Falta de atenção,Colisão traseira,Com Vítimas Feridas,Pleno dia,Ceu Claro,Simples ,Rural ,Automóvel,Ileso       ,24.0,Masculino
433820,05/10/2008,RN,101,ARES,Falta de atenção,Colisão traseira,Com Vítimas Feridas,Pleno dia,Ceu Claro,Simples ,Rural ,Automóvel,Ferido Leve ,64.0,Masculino
433873,03/10/2008,RN,101,SAO JOSE DE MIPIBU,Não guardar distância de segurança,Colisão traseira,Sem Vítimas        ,Pleno dia,Ceu Claro,Simples ,Rural ,Automóvel,Ileso       ,40.0,Masculino
433873,03/10/2008,RN,101,SAO JOSE DE MIPIBU,Não guardar distância de segurança,Colisão traseira,Sem Vítimas        ,Pleno dia,Ceu Claro,Simples ,Rural ,Camioneta,Ileso       ,31.0,Masculino
433873,03/10/2008,RN,101,SAO JOSE DE MIPIBU,Não guardar distância de segurança,Colisão traseira,Sem Vítimas        ,Pleno dia,Ceu Claro,Simples ,Rural ,Caminhão,Ileso       ,51.0,Masculino
434023,02/10/2008,RN,226,BOM JESUS,Falta de atenção,Tombamento,Sem Vítimas        ,Plena noite,Ceu Claro,Simples ,Rural ,Caminhão-Trator,Ileso       ,-1.0,Masculino
434177,02/10/2008,RN,101,PARNAMIRIM,Desobediência à sinalização,Colisão Transversal,Com Vítimas Feridas,Pleno dia,Ceu Claro,Dupla   ,Urbano,Motocicletas,Ferido Leve ,32.0,Masculino
434177,02/10/2008,RN,101,PARNAMIRIM,Desobediência à sinalização,Colisão Transversal,Com Vítimas Feridas,Pleno dia,Ceu Claro,Dupla   ,Urbano,Automóvel,Ileso       ,-1.0,Masculino
434195,06/10/2008,RN,101,NATAL,Falta de atenção,Colisão traseira,Sem Vítimas        ,Pleno dia,Ceu Claro,Dupla   ,Urbano,Automóvel,Ileso       ,35.0,Feminino
434195,06/10/2008,RN,101,NATAL,Falta de atenção,Colisão traseira,Sem Vítimas        ,Pleno dia,Ceu Claro,Dupla   ,Urbano,Caminhão,Ileso       ,64.0,Masculino
434207,06/10/2008,RN,101,NATAL,Falta de atenção,Colisão traseira,Com Vítimas Feridas,Pleno dia,Ceu Claro,Dupla   ,Urbano,Motocicletas,Ferido Leve ,32.0,Feminino
434207,06/10/2008,RN,101,NATAL,Falta de atenção,Colisão traseira,Com Vítimas Feridas,Pleno dia,Ceu Claro,Dupla   ,Urbano,Caminhonete,Ileso       ,38.0,Feminino
434334,06/10/2008,RN,304,MACAIBA,Não guardar distância de segurança,Colisão traseira,Com Vítimas Feridas,Pleno dia,Sol,Simples ,Rural ,Automóvel,Ileso       ,47.0,Masculino
434334,06/10/2008,RN,304,MACAIBA,Não guardar distância de segurança,Colisão traseira,Com Vítimas Feridas,Pleno dia,Sol,Simples ,Rural ,Automóvel,Ileso       ,-1.0,Masculino
434334,06/10/2008,RN,304,MACAIBA,Não guardar distância de segurança,Colisão traseira,Com Vítimas Feridas,Pleno dia,Sol,Simples ,Rural ,Automóvel,Ileso       ,-1.0,Inválido
434334,06/10/2008,RN,304,MACAIBA,Não guardar distância de segurança,Colisão traseira,Com Vítimas Feridas,Pleno dia,Sol,Simples ,Rural ,Automóvel,Ferido Leve ,19.0,Feminino
434362,06/10/2008,RN,101,NATAL,Outras,Colisão lateral,Sem Vítimas        ,Plena noite,Ceu Claro,Dupla   ,Urbano,Automóvel,Ileso       ,38.0,Feminino
434362,06/10/2008,RN,101,NATAL,Outras,Colisão lateral,Sem Vítimas        ,Plena noite,Ceu Claro,Dupla   ,Urbano,Caminhão-Trator,Ileso       ,66.0,Masculino
434373,06/10/2008,RN,101,NATAL,Falta de atenção,Colisão lateral,Sem Vítimas        ,Pleno dia,Ceu Claro,Dupla   ,Urbano,Caminhonete,Ileso       ,30.0,Masculino
434373,06/10/2008,RN,101,NATAL,Falta de atenção,Colisão lateral,Sem Vítimas        ,Pleno dia,Ceu Claro,Dupla   ,Urbano,Automóvel,Ignorado    ,-1.0,Masculino
434446,06/10/2008,RN,101,SAO JOSE DE MIPIBU,Falta de atenção,Queda de motocicleta / bicicleta / veículo,Com Vítimas Feridas,Plena noite,Ceu Claro,Simples ,Rural ,Motocicletas,Ferido Grave,25.0,Masculino
434456,02/10/2008,RN,101,NATAL,Não guardar distância de segurança,Colisão traseira,Sem Vítimas        ,Pleno dia,Sol,Múltipla,Urbano,Automóvel,Ileso       ,63.0,Masculino
434456,02/10/2008,RN,101,NATAL,Não guardar distância de segurança,Colisão traseira,Sem Vítimas        ,Pleno dia,Sol,Múltipla,Urbano,Caminhão,Ileso       ,27.0,Masculino
434680,06/10/2008,RN,304,MOSSORO,Outras,Capotamento,Sem Vítimas        ,Pleno dia,Sol,Simples ,Rural ,Caminhonete,Ileso       ,56.0,Masculino
434680,06/10/2008,RN,304,MOSSORO,Outras,Capotamento,Sem Vítimas        ,Pleno dia,Sol,Simples ,Rural ,Automóvel,Ignorado    ,-1.0,Inválido
434680,06/10/2008,RN,304,MOSSORO,Outras,Capotamento,Sem Vítimas        ,Pleno dia,Sol,Simples ,Rural ,Caminhonete,Ileso       ,25.0,Masculino
434800,07/10/2008,RN,101,SAO GONCALO DO AMARANTE,Não guardar distância de segurança,Colisão traseira,Sem Vítimas        ,Pleno dia,Ceu Claro,Dupla   ,Urbano,Automóvel,Ileso       ,33.0,Masculino
434800,07/10/2008,RN,101,SAO GONCALO DO AMARANTE,Não guardar distância de segurança,Colisão traseira,Sem Vítimas        ,Pleno dia,Ceu Claro,Dupla   ,Urbano,Caminhonete,Ileso       ,36.0,Masculino