id,data_inversa,uf,br,municipio,causa_acidente,tipo_acidente,classificacao_acidente,fase_dia,condicao_metereologica,tipo_pista,uso_solo,tipo_veiculo,estado_fisico,idade,sexo
434966,03/10/2008,RN,101,NATAL,Não guardar distância de segurança,Colisão traseira,Sem Vítimas        ,Plena noite,Ceu Claro,Múltipla,Urbano,Automóvel,Ileso       ,20.0,Masculino
434966,03/10/2008,RN,101,NATAL,Não guardar distância de segurança,Colisão traseira,Sem Vítimas        ,Plena noite,Ceu Claro,Múltipla,Urbano,Automóvel,Ileso       ,28.0,Masculino
435071,04/10/2008,RN,304,LAJES,Outras,Colisão frontal,Com Vítimas Fatais ,Pleno dia,Ceu Claro,Simples ,Rural ,Automóvel,Morto       ,39.0,Masculino
435071,04/10/2008,RN,304,LAJES,Outras,Colisão frontal,Com Vítimas Fatais ,Pleno dia,Ceu Claro,Simples ,Rural ,Caminhonete,Ferido Grave,77.0,Masculino
435071,04/10/2008,RN,304,LAJES,Outras,Colisão frontal,Com Vítimas Fatais ,Pleno dia,Ceu Claro,Simples ,Rural ,Caminhonete,Ileso       ,48.0,Masculino
435071,04/10/2008,RN,304,LAJES,Outras,Colisão frontal,Com Vítimas Fatais ,Pleno dia,Ceu Claro,Simples ,Rural ,Caminhonete,Ferido Leve ,-1.0,Inválido
435071,04/10/2008,RN,304,LAJES,Outras,Colisão frontal,Com Vítimas Fatais ,Pleno dia,Ceu Claro,Simples ,Rural ,Caminhonete,Ferido Leve ,-1.0,Feminino
435211,06/10/2008,RN,101,NATAL,Não guardar distância de segurança,Colisão traseira,Sem Vítimas        ,Plena noite,Ceu Claro,Simples ,Urbano,Automóvel,Ileso       ,46.0,Masculino
435211,06/10/2008,RN,101,NATAL,Não guardar distância de segurança,Colisão traseira,Sem Vítimas        ,Plena noite,Ceu Claro,Simples ,Urbano,Automóvel,Ileso       ,46.0,Masculino
435216,04/10/2008,RN,226,SENADOR ELOI DE SOUZA,Outras,Colisão Transversal,Com Vítimas Fatais ,Anoitecer,Ceu Claro,Simples ,Rural ,Automóvel,Ileso       ,28.0,Masculino
435216,04/10/2008,RN,226,SENADOR ELOI DE SOUZA,Outras,Colisão Transversal,Com Vítimas Fatais ,Anoitecer,Ceu Claro,Simples ,Rural ,Bicicleta,Morto       ,-1.0,Masculino
435223,04/10/2008,RN,101,NATAL,Ingestão de álcool,Atropelamento de pessoa,Com Vítimas Feridas,Plena noite,Ceu Claro,Dupla   ,Urbano,Automóvel,Ileso       ,46.0,Masculino
435223,04/10/2008,RN,101,NATAL,Ingestão de álcool,Atropelamento de pessoa,Com Vítimas Feridas,Plena noite,Ceu Claro,Dupla   ,Urbano,(null),Ferido Leve ,40.0,Masculino
435228,08/10/2008,RN,304,ASSU,Ultrapassagem indevida,Colisão lateral,Sem Vítimas        ,Pleno dia,Sol,Simples ,Rural ,Automóvel,Ileso       ,63.0,Masculino
435228,08/10/2008,RN,304,ASSU,Ultrapassagem indevida,Colisão lateral,Sem Vítimas        ,Pleno dia,Sol,Simples ,Rural ,Automóvel,Ileso       ,68.0,Masculino
435228,08/10/2008,RN,304,ASSU,Ultrapassagem indevida,Colisão lateral,Sem Vítimas        ,Pleno dia,Sol,Simples ,Rural ,Automóvel,Ileso       ,50.0,Masculino
435234,23/09/2008,RN,304,ASSU,Defeito mecânico em veículo,Colisão traseira,Com Vítimas Feridas,Plena noite,Ignorada,Simples ,Rural ,Motocicletas,Ferido Leve ,26.0,Masculino
435234,23/09/2008,RN,304,ASSU,Defeito mecânico em veículo,Colisão traseira,Com Vítimas Feridas,Plena noite,Ignorada,Simples ,Rural ,Automóvel,Ileso       ,46.0,Masculino
435275,29/09/2008,RN,405,MOSSORO,Desobediência à sinalização,Colisão frontal,Sem Vítimas        ,Pleno dia,Ceu Claro,Dupla   ,Urbano,Caminhonete,Ileso       ,65.0,Masculino
435275,29/09/2008,RN,405,MOSSORO,Desobediência à sinalização,Colisão frontal,Sem Vítimas        ,Pleno dia,Ceu Claro,Dupla   ,Urbano,Automóvel,Ileso       ,58.0,Masculino
435314,08/10/2008,RN,101,NATAL,Falta de atenção,Colisão Transversal,Sem Vítimas        ,Pleno dia,Ceu Claro,Dupla   ,Urbano,Automóvel,Ileso       ,40.0,Masculino
435314,08/10/2008,RN,101,NATAL,Falta de atenção,Colisão Transversal,Sem Vítimas        ,Pleno dia,Ceu Claro,Dupla   ,Urbano,Automóvel,Ileso       ,36.0,Masculino
435315,04/10/2008,RN,406,JOAO CAMARA,Falta de atenção,Colisão Transversal,Sem Vítimas        ,Pleno dia,Ceu Claro,Simples ,Urbano,Automóvel,Ileso       ,25.0,Masculino
435315,04/10/2008,RN,406,JOAO CAMARA,Falta de atenção,Colisão Transversal,Sem Vítimas        ,Pleno dia,Ceu Claro,Simples ,Urbano,Automóvel,Ileso       ,43.0,Masculino
435379,08/10/2008,RN,427,CAICO,Outras,Atropelamento de pessoa,Com Vítimas Feridas,Anoitecer,Ceu Claro,Simples ,Urbano,Camioneta,Ileso       ,-1.0,Inválido
435379,08/10/2008,RN,427,CAICO,Outras,Atropelamento de pessoa,Com Vítimas Feridas,Anoitecer,Ceu Claro,Simples ,Urbano,(null),Ferido Grave,69.0,Feminino
435381,30/09/2008,RN,101,NATAL,Não guardar distância de segurança,Colisão Transversal,Sem Vítimas        ,Plena noite,Ceu Claro,Múltipla,Urbano,Automóvel,Ileso       ,41.0,Masculino
435381,30/09/2008,RN,101,NATAL,Não guardar distância de segurança,Colisão Transversal,Sem Vítimas        ,Plena noite,Ceu Claro,Múltipla,Urbano,Camioneta,Ileso       ,61.0,Masculino
435716,08/10/2008,RN,304,MOSSORO,Animais na Pista,Atropelamento de animal,Sem Vítimas        ,Anoitecer,Ceu Claro,Simples ,Urbano,Automóvel,Ileso       ,35.0,Masculino
435793,09/10/2008,RN,304,MOSSORO,Falta de atenção,Colisão Transversal,Sem Vítimas        ,Pleno dia,Ceu Claro,Simples ,Rural ,Caminhonete,Ileso       ,33.0,Masculino
435793,09/10/2008,RN,304,MOSSORO,Falta de atenção,Colisão Transversal,Sem Vítimas        ,Pleno dia,Ceu Claro,Simples ,Rural ,Automóvel,Ileso       ,77.0,Masculino
435825,09/10/2008,RN,101,NATAL,Não guardar distância de segurança,Colisão traseira,Sem Vítimas        ,Plena noite,Ceu Claro,Dupla   ,Urbano,Automóvel,Ileso       ,39.0,Feminino
435825,09/10/2008,RN,101,NATAL,Não guardar distância de segurança,Colisão traseira,Sem Vítimas        ,Plena noite,Ceu Claro,Dupla   ,Urbano,Automóvel,Ileso       ,31.0,Masculino
435825,09/10/2008,RN,101,NATAL,Não guardar distância de segurança,Colisão traseira,Sem Vítimas        ,Plena noite,Ceu Claro,Dupla   ,Urbano,Automóvel,Ileso       ,36.0,Masculino
435825,09/10/2008,RN,101,NATAL,Não guardar distância de segurança,Colisão traseira,Sem Vítimas        ,Plena noite,Ceu Claro,Dupla   ,Urbano,Caminhonete,Ileso       ,37.0,Masculino
435825,09/10/2008,RN,101,NATAL,Não guardar distância de segurança,Colisão traseira,Sem Vítimas        ,Plena noite,Ceu Claro,Dupla   ,Urbano,Automóvel,Ileso       ,22.0,Masculino
435826,09/10/2008,RN,304,PARNAMIRIM,Outras,Capotamento,Sem Vítimas        ,Pleno dia,Nublado,Dupla   ,Rural ,Automóvel,Ileso       ,37.0,Masculino
435858,09/10/2008,RN,101,NATAL,Outras,Colisão traseira,Sem Vítimas        ,Pleno dia,Ceu Claro,Dupla   ,Urbano,Automóvel,Ileso       ,36.0,Masculino
435858,09/10/2008,RN,101,NATAL,Outras,Colisão traseira,Sem Vítimas        ,Pleno dia,Ceu Claro,Dupla   ,Urbano,Automóvel,Ileso       ,19.0,Masculino
435858,09/10/2008,RN,101,NATAL,Outras,Colisão traseira,Sem Vítimas        ,Pleno dia,Ceu Claro,Dupla   ,Urbano,Automóvel,Ileso       ,20.0,Masculino
435881,09/10/2008,RN,101,NATAL,Falta de atenção,Colisão lateral,Sem Vítimas        ,Pleno dia,Ceu Claro,Dupla   ,Urbano,Caminhão-Trator,Ileso       ,39.0,Masculino
435881,09/10/2008,RN,101,NATAL,Falta de atenção,Colisão lateral,Sem Vítimas        ,Pleno dia,Ceu Claro,Dupla   ,Urbano,Automóvel,Ileso       ,45.0,Feminino
435886,09/10/2008,RN,101,SAO JOSE DE MIPIBU,Animais na Pista,Atropelamento de animal,Sem Vítimas        ,Plena noite,Ceu Claro,Simples ,Rural ,Automóvel,Ileso       ,24.0,Masculino
435889,09/10/2008,RN,101,NATAL,Falta de atenção,Colisão traseira,Sem Vítimas        ,Plena noite,Ceu Claro,Múltipla,Urbano,Camioneta,Ileso       ,46.0,Masculino
435889,09/10/2008,RN,101,NATAL,Falta de atenção,Colisão traseira,Sem Vítimas        ,Plena noite,Ceu Claro,Múltipla,Urbano,Automóvel,Ignorado    ,-1.0,Masculino
435929,09/10/2008,RN,101,NATAL,Falta de atenção,Colisão lateral,Sem Vítimas        ,Plena noite,Ceu Claro,Dupla   ,Urbano,Caminhão,Ileso       ,22.0,Masculino
435929,09/10/2008,RN,101,NATAL,Falta de atenção,Colisão lateral,Sem Vítimas        ,Plena noite,Ceu Claro,Dupla   ,Urbano,Automóvel,Ileso       ,32.0,Masculino
435934,09/10/2008,RN,405,MOSSORO,Falta de atenção,Colisão lateral,Sem Vítimas        ,Plena noite,Ceu Claro,Simples ,Urbano,Automóvel,Ileso       ,46.0,Masculino
435934,09/10/2008,RN,405,MOSSORO,Falta de atenção,Colisão lateral,Sem Vítimas        ,Plena noite,Ceu Claro,Simples ,Urbano,Caminhão,Ileso       ,21.0,Masculino
435946,10/10/2008,RN,304,MOSSORO,Animais na Pista,Atropelamento de animal,Sem Vítimas        ,Amanhecer,Ceu Claro,Simples ,Rural ,Caminhão-Trator,Ileso       ,34.0,Masculino
435949,10/10/2008,RN,101,NATAL,Animais na Pista,Atropelamento de animal,Com Vítimas Feridas,Plena noite,Nublado,Dupla   ,Urbano,Motocicletas,Ferido Leve ,47.0,Masculino
435949,10/10/2008,RN,101,NATAL,Animais na Pista,Atropelamento de animal,Com Vítimas Feridas,Plena noite,Nublado,Dupla   ,Urbano,Motocicletas,Ferido Leve ,27.0,Feminino
435969,07/10/2008,RN,304,MACAIBA,Não guardar distância de segurança,Colisão lateral,Com Vítimas Feridas,Amanhecer,Ceu Claro,Dupla   ,Urbano,Motocicletas,Ferido Leve ,29.0,Masculino
435969,07/10/2008,RN,304,MACAIBA,Não guardar distância de segurança,Colisão lateral,Com Vítimas Feridas,Amanhecer,Ceu Claro,Dupla   ,Urbano,Automóvel,Ileso       ,-1.0,Inválido
435969,07/10/2008,RN,304,MACAIBA,Não guardar distância de segurança,Colisão lateral,Com Vítimas Feridas,Amanhecer,Ceu Claro,Dupla   ,Urbano,Motocicletas,Ferido Leve ,23.0,Feminino
436000,06/10/2008,RN,101,SAO GONCALO DO AMARANTE,Falta de atenção,Colisão Transversal,Sem Vítimas        ,Pleno dia,Ceu Claro,Dupla   ,Urbano,Caminhão,Ileso       ,58.0,Masculino
436000,06/10/2008,RN,101,SAO GONCALO DO AMARANTE,Falta de atenção,Colisão Transversal,Sem Vítimas        ,Pleno dia,Ceu Claro,Dupla   ,Urbano,Ônibus,Ileso       ,55.0,Masculino
436073,10/10/2008,RN,101,SAO JOSE DE MIPIBU,Não guardar distância de segurança,Colisão traseira,Sem Vítimas        ,Pleno dia,Ceu Claro,Simples ,Rural ,Automóvel,Ileso       ,36.0,Masculino
436073,10/10/2008,RN,101,SAO JOSE DE MIPIBU,Não guardar distância de segurança,Colisão traseira,Sem Vítimas        ,Pleno dia,Ceu Claro,Simples ,Rural ,Automóvel,Ileso       ,34.0,Masculino
436143,10/10/2008,RN,101,PARNAMIRIM,Falta de atenção,Colisão traseira,Com Vítimas Feridas,Pleno dia,Ceu Claro,Múltipla,Urbano,Motocicletas,Ferido Leve ,22.0,Masculino
436143,10/10/2008,RN,101,PARNAMIRIM,Falta de atenção,Colisão traseira,Com Vítimas Feridas,Pleno dia,Ceu Claro,Múltipla,Urbano,Automóvel,Ignorado    ,-1.0,Inválido
436217,10/10/2008,RN,101,PARNAMIRIM,Falta de atenção,Colisão Transversal,Sem Vítimas        ,Pleno dia,Sol,Dupla   ,Urbano,Automóvel,Ileso       ,19.0,Masculino
436217,10/10/2008,RN,101,PARNAMIRIM,Falta de atenção,Colisão Transversal,Sem Vítimas        ,Pleno dia,Sol,Dupla   ,Urbano,Automóvel,Ileso       ,60.0,Masculino
436235,02/10/2008,RN,101,NATAL,Defeito mecânico em veículo,Colisão traseira,Com Vítimas Feridas,Plena noite,Ceu Claro,Simples ,Urbano,Motocicletas,Ferido Leve ,20.0,Masculino
436235,02/10/2008,RN,101,NATAL,Defeito mecânico em veículo,Colisão traseira,Com Vítimas Feridas,Plena noite,Ceu Claro,Simples ,Urbano,Motocicletas,Ferido Leve ,-1.0,Feminino
436235,02/10/2008,RN,101,NATAL,Defeito mecânico em veículo,Colisão traseira,Com Vítimas Feridas,Plena noite,Ceu Claro,Simples ,Urbano,Automóvel,Ileso       ,49.0,Masculino
436242,10/10/2008,RN,101,NATAL,Falta de atenção,Colisão traseira,Com Vítimas Feridas,Pleno dia,Ceu Claro,Múltipla,Urbano,Motocicletas,Ferido Leve ,28.0,Masculino
436242,10/10/2008,RN,101,NATAL,Falta de atenção,Colisão traseira,Com Vítimas Feridas,Pleno dia,Ceu Claro,Múltipla,Urbano,Automóvel,Ileso       ,27.0,Masculino
436295,10/10/2008,RN,226,CURRAIS NOVOS,Defeito mecânico em veículo,Capotamento,Com Vítimas Feridas,Plena noite,Ceu Claro,Simples ,Rural ,Automóvel,Ferido Leve ,62.0,Masculino
436391,07/10/2008,RN,101,PARNAMIRIM,Outras,Atropelamento de pessoa,Com Vítimas Feridas,Plena noite,Ceu Claro,Dupla   ,Urbano,(null),Ferido Grave,60.0,Masculino
436391,07/10/2008,RN,101,PARNAMIRIM,Outras,Atropelamento de pessoa,Com Vítimas Feridas,Plena noite,Ceu Claro,Dupla   ,Urbano,Caminhão,Ignorado    ,-1.0,Inválido
436526,11/10/2008,RN,304,MOSSORO,Outras,Colisão com objeto móvel,Com Vítimas Feridas,Pleno dia,Ceu Claro,Simples ,Rural ,Motocicletas,Ferido Leve ,43.0,Masculino
436526,11/10/2008,RN,304,MOSSORO,Outras,Colisão com objeto móvel,Com Vítimas Feridas,Pleno dia,Ceu Claro,Simples ,Rural ,Caminhonete,Ileso       ,-1.0,Inválido
436532,08/10/2008,RN,101,PARNAMIRIM,Não guardar distância de segurança,Colisão traseira,Sem Vítimas        ,Pleno dia,Ceu Claro,Dupla   ,Urbano,Automóvel,Ileso       ,26.0,Masculino
436532,08/10/2008,RN,101,PARNAMIRIM,Não guardar distância de segurança,Colisão traseira,Sem Vítimas        ,Pleno dia,Ceu Claro,Dupla   ,Urbano,Automóvel,Ileso       ,30.0,Masculino
436630,06/10/2008,RN,110,MOSSORO,Falta de atenção,Colisão traseira,Sem Vítimas        ,Pleno dia,Ceu Claro,Dupla   ,Urbano,Automóvel,Ileso       ,28.0,Feminino
436630,06/10/2008,RN,110,MOSSORO,Falta de atenção,Colisão traseira,Sem Vítimas        ,Pleno dia,Ceu Claro,Dupla   ,Urbano,Automóvel,Ileso       ,54.0,Masculino
436639,08/10/2008,RN,226,MACAIBA,Falta de atenção,Colisão lateral,Com Vítimas Feridas,Amanhecer,Ceu Claro,Simples ,Urbano,Motocicletas,Ferido Leve ,22.0,Masculino
436639,08/10/2008,RN,226,MACAIBA,Falta de atenção,Colisão lateral,Com Vítimas Feridas,Amanhecer,Ceu Claro,Simples ,Urbano,Caminhão,Ignorado    ,-1.0,Inválido
436658,11/10/2008,RN,101,PARNAMIRIM,Falta de atenção,Colisão lateral,Sem Vítimas        ,Pleno dia,Ceu Claro,Dupla   ,Urbano,Caminhão,Ileso       ,33.0,Masculino
436658,11/10/2008,RN,101,PARNAMIRIM,Falta de atenção,Colisão lateral,Sem Vítimas        ,Pleno dia,Ceu Claro,Dupla   ,Urbano,Automóvel,Ileso       ,51.0,Masculino
436666,11/10/2008,RN,406,CEARA-MIRIM,Ingestão de álcool,Atropelamento de pessoa,Com Vítimas Feridas,Plena noite,Ceu Claro,Simples ,Urbano,(null),Ferido Grave,29.0,Masculino
436666,11/10/2008,RN,406,CEARA-MIRIM,Ingestão de álcool,Atropelamento de pessoa,Com Vítimas Feridas,Plena noite,Ceu Claro,Simples ,Urbano,Automóvel,Ignorado    ,-1.0,Inválido
436743,11/10/2008,RN,101,GOIANINHA,Outras,Colisão frontal,Com Vítimas Fatais ,Plena noite,Ceu Claro,Simples ,Rural ,Motocicletas,Morto       ,43.0,Masculino
436743,11/10/2008,RN,101,GOIANINHA,Outras,Colisão frontal,Com Vítimas Fatais ,Plena noite,Ceu Claro,Simples ,Rural ,Não identificado,Ignorado    ,-1.0,Inválido
436758,11/10/2008,RN,304,MOSSORO,Falta de atenção,Colisão traseira,Com Vítimas Feridas,Plena noite,Ceu Claro,Simples ,Urbano,Camioneta,Ignorado    ,-1.0,Inválido
436758,11/10/2008,RN,304,MOSSORO,Falta de atenção,Colisão traseira,Com Vítimas Feridas,Plena noite,Ceu Claro,Simples ,Urbano,Automóvel,Ferido Leve ,27.0,Masculino
436758,11/10/2008,RN,304,MOSSORO,Falta de atenção,Colisão traseira,Com Vítimas Feridas,Plena noite,Ceu Claro,Simples ,Urbano,Automóvel,Ferido Leve ,43.0,Masculino
436824,18/09/2008,RN,406,POCO BRANCO,Dormindo,Saída de Pista,Sem Vítimas        ,Pleno dia,Ceu Claro,Simples ,Rural ,Caminhonete,Ileso       ,43.0,Feminino
436871,09/10/2008,RN,304,MACAIBA,Outras,Incêndio,Com Vítimas Feridas,Plena noite,Ceu Claro,Múltipla,Urbano,Automóvel,Ferido Grave,24.0,Masculino
436956,12/10/2008,RN,226,NATAL,Outras,Colisão lateral,Sem Vítimas        ,Pleno dia,Ceu Claro,Simples ,Urbano,Camioneta,Ileso       ,74.0,Masculino
436956,12/10/2008,RN,226,NATAL,Outras,Colisão lateral,Sem Vítimas        ,Pleno dia,Ceu Claro,Simples ,Urbano,Automóvel,Ileso       ,25.0,Masculino
436990,22/09/2008,RN,101,NATAL,Falta de atenção,Colisão traseira,Sem Vítimas        ,Plena noite,Ceu Claro,Dupla   ,Urbano,Automóvel,Ileso       ,-1.0,Feminino
436990,22/09/2008,RN,101,NATAL,Falta de atenção,Colisão traseira,Sem Vítimas        ,Plena noite,Ceu Claro,Dupla   ,Urbano,Automóvel,Ileso       ,31.0,Feminino
436999,12/10/2008,RN,304,MOSSORO,Ultrapassagem indevida,Colisão traseira,Com Vítimas Feridas,Pleno dia,Ceu Claro,Simples ,Urbano,Caminhão,Ileso       ,-1.0,Masculino
436999,12/10/2008,RN,304,MOSSORO,Ultrapassagem indevida,Colisão traseira,Com Vítimas Feridas,Pleno dia,Ceu Claro,Simples ,Urbano,Automóvel,Ileso       ,-1.0,Feminino
436999,12/10/2008,RN,304,MOSSORO,Ultrapassagem indevida,Colisão traseira,Com Vítimas Feridas,Pleno dia,Ceu Claro,Simples ,Urbano,Automóvel,Ferido Leve ,-1.0,Feminino
437069,12/10/2008,RN,101,CEARA-MIRIM,Outras,Queda de motocicleta / bicicleta / veículo,Com Vítimas Feridas,Pleno dia,Ceu Claro,Simples ,Rural ,Motocicletas,Ferido Grave,36.0,Masculino
437069,12/10/2008,RN,101,CEARA-MIRIM,Outras,Queda de motocicleta / bicicleta / veículo,Com Vítimas Feridas,Pleno dia,Ceu Claro,Simples ,Rural ,Motocicletas,Ferido Leve ,12.0,Masculino
437111,08/10/2008,RN,101,BAIA FORMOSA,Falta de atenção,Colisão traseira,Sem Vítimas        ,Pleno dia,Sol,Simples ,Rural ,Caminhão-Trator,Ileso       ,31.0,Masculino
437111,08/10/2008,RN,101,BAIA FORMOSA,Falta de atenção,Colisão traseira,Sem Vítimas        ,Pleno dia,Sol,Simples ,Rural ,Caminhão,Ileso       ,52.0,Masculino
437115,13/10/2008,RN,101,NATAL,Falta de atenção,Colisão traseira,Sem Vítimas        ,Plena noite,Chuva,Dupla   ,Urbano,Automóvel,Ileso       ,28.0,Feminino
437115,13/10/2008,RN,101,NATAL,Falta de atenção,Colisão traseira,Sem Vítimas        ,Plena noite,Chuva,Dupla   ,Urbano,Automóvel,Ileso       ,48.0,Masculino
437136,01/10/2008,RN,101,PARNAMIRIM,Falta de atenção,Colisão traseira,Sem Vítimas        ,Pleno dia,Ceu Claro,Dupla   ,Urbano,Automóvel,Ileso       ,-1.0,Feminino
437136,01/10/2008,RN,101,PARNAMIRIM,Falta de atenção,Colisão traseira,Sem Vítimas        ,Pleno dia,Ceu Claro,Dupla   ,Urbano,Automóvel,Ileso       ,-1.0,Masculino
437199,12/10/2008,RN,304,ASSU,Ultrapassagem indevida,Colisão traseira,Sem Vítimas        ,Pleno dia,Ceu Claro,Simples ,Rural ,Automóvel,Ileso       ,22.0,Masculino
437199,12/10/2008,RN,304,ASSU,Ultrapassagem indevida,Colisão traseira,Sem Vítimas        ,Pleno dia,Ceu Claro,Simples ,Rural ,Não identificado,Ignorado    ,-1.0,Inválido
437220,13/10/2008,RN,101,SAO JOSE DE MIPIBU,Outras,Colisão com objeto fixo,Com Vítimas Feridas,Pleno dia,Nublado,Simples ,Urbano,Automóvel,Ferido Leve ,25.0,Masculino
437220,13/10/2008,RN,101,SAO JOSE DE MIPIBU,Outras,Colisão com objeto fixo,Com Vítimas Feridas,Pleno dia,Nublado,Simples ,Urbano,Caminhão,Ileso       ,26.0,Masculino
437268,13/10/2008,RN,304,MACAIBA,Outras,Saída de Pista,Com Vítimas Feridas,Pleno dia,Chuva,Simples ,Rural ,Automóvel,Ferido Leve ,45.0,Masculino
437268,13/10/2008,RN,304,MACAIBA,Outras,Saída de Pista,Com Vítimas Feridas,Pleno dia,Chuva,Simples ,Rural ,Automóvel,Ferido Leve ,41.0,Feminino
437268,13/10/2008,RN,304,MACAIBA,Outras,Saída de Pista,Com Vítimas Feridas,Pleno dia,Chuva,Simples ,Rural ,Automóvel,Ferido Leve ,13.0,Masculino
437268,13/10/2008,RN,304,MACAIBA,Outras,Saída de Pista,Com Vítimas Feridas,Pleno dia,Chuva,Simples ,Rural ,Automóvel,Ferido Leve ,31.0,Feminino
437269,13/10/2008,RN,101,NATAL,Não guardar distância de segurança,Colisão traseira,Sem Vítimas        ,Pleno dia,Sol,Dupla   ,Urbano,Automóvel,Ileso       ,41.0,Masculino
437269,13/10/2008,RN,101,NATAL,Não guardar distância de segurança,Colisão traseira,Sem Vítimas        ,Pleno dia,Sol,Dupla   ,Urbano,Caminhão,Ileso       ,52.0,Masculino
437588,14/10/2008,RN,226,CAMPO REDONDO,Outras,Colisão traseira,Com Vítimas Feridas,Amanhecer,Ceu Claro,Simples ,Rural ,Caminhão,Ileso       ,24.0,Masculino
437588,14/10/2008,RN,226,CAMPO REDONDO,Outras,Colisão traseira,Com Vítimas Feridas,Amanhecer,Ceu Claro,Simples ,Rural ,Bicicleta,Ferido Grave,65.0,Masculino
437673,06/10/2008,RN,101,NATAL,Falta de atenção,Colisão traseira,Sem Vítimas        ,Pleno dia,Ceu Claro,Dupla   ,Urbano,Automóvel,Ileso       ,23.0,Masculino
437673,06/10/2008,RN,101,NATAL,Falta de atenção,Colisão traseira,Sem Vítimas        ,Pleno dia,Ceu Claro,Dupla   ,Urbano,Caminhonete,Ileso       ,30.0,Masculino
437673,06/10/2008,RN,101,NATAL,Falta de atenção,Colisão traseira,Sem Vítimas        ,Pleno dia,Ceu Claro,Dupla   ,Urbano,Camioneta,Ileso       ,20.0,Masculino
437689,10/10/2008,RN,101,NATAL,Falta de atenção,Colisão traseira,Sem Vítimas        ,Pleno dia,Ceu Claro,Dupla   ,Urbano,Automóvel,Ileso       ,-1.0,Inválido
437689,10/10/2008,RN,101,NATAL,Falta de atenção,Colisão traseira,Sem Vítimas        ,Pleno dia,Ceu Claro,Dupla   ,Urbano,Automóvel,Ileso       ,21.0,Masculino
437701,10/10/2008,RN,101,NATAL,Falta de atenção,Colisão traseira,Sem Vítimas        ,Pleno dia,Ceu Claro,Múltipla,Urbano,Automóvel,Ileso       ,59.0,Masculino
437701,10/10/2008,RN,101,NATAL,Falta de atenção,Colisão traseira,Sem Vítimas        ,Pleno dia,Ceu Claro,Múltipla,Urbano,Automóvel,Ileso       ,28.0,Masculino
437701,10/10/2008,RN,101,NATAL,Falta de atenção,Colisão traseira,Sem Vítimas        ,Pleno dia,Ceu Claro,Múltipla,Urbano,Automóvel,Ileso       ,49.0,Masculino
437701,10/10/2008,RN,101,NATAL,Falta de atenção,Colisão traseira,Sem Vítimas        ,Pleno dia,Ceu Claro,Múltipla,Urbano,Caminhonete,Ileso       ,45.0,Masculino
437788,11/10/2008,RN,101,NATAL,Ingestão de álcool,Colisão traseira,Sem Vítimas        ,Pleno dia,Ceu Claro,Múltipla,Urbano,Camioneta,Ileso       ,39.0,Masculino
437788,11/10/2008,RN,101,NATAL,Ingestão de álcool,Colisão traseira,Sem Vítimas        ,Pleno dia,Ceu Claro,Múltipla,Urbano,Caminhonete,Ileso       ,55.0,Masculino
437825,14/10/2008,RN,406,GUAMARE,Desobediência à sinalização,Colisão Transversal,Com Vítimas Feridas,Pleno dia,Ceu Claro,Simples ,Rural ,Caminhonete,Ileso       ,55.0,Masculino
437825,14/10/2008,RN,406,GUAMARE,Desobediência à sinalização,Colisão Transversal,Com Vítimas Feridas,Pleno dia,Ceu Claro,Simples ,Rural ,Motocicletas,Ferido Leve ,61.0,Masculino
437880,06/10/2008,RN,226,NATAL,Outras,Colisão Transversal,Sem Vítimas        ,Pleno dia,Sol,Simples ,Urbano,Automóvel,Ileso       ,27.0,Masculino
437880,06/10/2008,RN,226,NATAL,Outras,Colisão Transversal,Sem Vítimas        ,Pleno dia,Sol,Simples ,Urbano,Caminhão,Ileso       ,56.0,Masculino
437881,14/10/2008,RN,304,MOSSORO,Animais na Pista,Saída de Pista,Sem Vítimas        ,Plena noite,Ceu Claro,Simples ,Rural ,Caminhão-Trator,Ileso       ,56.0,Masculino
437921,14/10/2008,RN,101,NATAL,Falta de atenção,Colisão traseira,Sem Vítimas        ,Pleno dia,Ceu Claro,Dupla   ,Urbano,Caminhão,Ileso       ,39.0,Masculino
437921,14/10/2008,RN,101,NATAL,Falta de atenção,Colisão traseira,Sem Vítimas        ,Pleno dia,Ceu Claro,Dupla   ,Urbano,Automóvel,Ignorado    ,-1.0,Inválido
437932,14/10/2008,RN,101,PARNAMIRIM,Falta de atenção,Colisão lateral,Sem Vítimas        ,Pleno dia,Ceu Claro,Dupla   ,Urbano,Caminhão,Ileso       ,45.0,Masculino
437932,14/10/2008,RN,101,PARNAMIRIM,Falta de atenção,Colisão lateral,Sem Vítimas        ,Pleno dia,Ceu Claro,Dupla   ,Urbano,Motocicletas,Ileso       ,59.0,Masculino
438016,15/10/2008,RN,101,NATAL,Falta de atenção,Colisão lateral,Sem Vítimas        ,Plena noite,Chuva,Dupla   ,Urbano,Automóvel,Ileso       ,30.0,Feminino
438016,15/10/2008,RN,101,NATAL,Falta de atenção,Colisão lateral,Sem Vítimas        ,Plena noite,Chuva,Dupla   ,Urbano,Automóvel,Ileso       ,32.0,Masculino
438113,11/10/2008,RN,101,NATAL,Não guardar distância de segurança,Colisão traseira,Sem Vítimas        ,Pleno dia,Sol,Dupla   ,Urbano,Motocicletas,Ileso       ,20.0,Masculino