id,data_inversa,uf,br,municipio,causa_acidente,tipo_acidente,classificacao_acidente,fase_dia,condicao_metereologica,tipo_pista,uso_solo,tipo_veiculo,estado_fisico,idade,sexo
441191,22/10/2008,RN,101,NATAL,Não guardar distância de segurança,Colisão traseira,Sem Vítimas        ,Pleno dia,Nublado,Dupla   ,Urbano,Automóvel,Ileso       ,28.0,Feminino
441191,22/10/2008,RN,101,NATAL,Não guardar distância de segurança,Colisão traseira,Sem Vítimas        ,Pleno dia,Nublado,Dupla   ,Urbano,Automóvel,Ileso       ,41.0,Masculino
441193,14/10/2008,RN,101,NATAL,Falta de atenção,Colisão traseira,Sem Vítimas        ,Plena noite,Ceu Claro,Múltipla,Urbano,Automóvel,Ileso       ,66.0,Masculino
441193,14/10/2008,RN,101,NATAL,Falta de atenção,Colisão traseira,Sem Vítimas        ,Plena noite,Ceu Claro,Múltipla,Urbano,Automóvel,Ileso       ,44.0,Masculino
441209,22/10/2008,RN,101,NATAL,Falta de atenção,Colisão traseira,Sem Vítimas        ,Pleno dia,Nublado,Dupla   ,Urbano,Automóvel,Ileso       ,41.0,Feminino
441209,22/10/2008,RN,101,NATAL,Falta de atenção,Colisão traseira,Sem Vítimas        ,Pleno dia,Nublado,Dupla   ,Urbano,Camioneta,Ileso       ,42.0,Masculino
441213,22/10/2008,RN,101,SAO JOSE DE MIPIBU,Não guardar distância de segurança,Colisão traseira,Sem Vítimas        ,Pleno dia,Sol,Simples ,Urbano,Automóvel,Ileso       ,32.0,Masculino
441213,22/10/2008,RN,101,SAO JOSE DE MIPIBU,Não guardar distância de segurança,Colisão traseira,Sem Vítimas        ,Pleno dia,Sol,Simples ,Urbano,Automóvel,Ileso       ,56.0,Masculino
441224,19/10/2008,RN,304,MOSSORO,Não guardar distância de segurança,Colisão traseira,Com Vítimas Feridas,Anoitecer,Ceu Claro,Simples ,Urbano,Automóvel,Ileso       ,22.0,Masculino
441224,19/10/2008,RN,304,MOSSORO,Não guardar distância de segurança,Colisão traseira,Com Vítimas Feridas,Anoitecer,Ceu Claro,Simples ,Urbano,Motocicletas,Ferido Leve ,36.0,Masculino
441280,12/10/2008,RN,304,MACAIBA,Defeito mecânico em veículo,Queda de motocicleta / bicicleta / veículo,Com Vítimas Feridas,Plena noite,Ceu Claro,Simples ,Rural ,Motocicletas,Ferido Leve ,23.0,Masculino
441280,12/10/2008,RN,304,MACAIBA,Defeito mecânico em veículo,Queda de motocicleta / bicicleta / veículo,Com Vítimas Feridas,Plena noite,Ceu Claro,Simples ,Rural ,Motocicletas,Ferido Leve ,20.0,Feminino
441315,22/10/2008,RN,226,NATAL,Outras,Colisão frontal,Sem Vítimas        ,Anoitecer,Ceu Claro,Simples ,Urbano,Motocicletas,Ileso       ,29.0,Masculino
441315,22/10/2008,RN,226,NATAL,Outras,Colisão frontal,Sem Vítimas        ,Anoitecer,Ceu Claro,Simples ,Urbano,Automóvel,Ileso       ,35.0,Masculino
441325,22/10/2008,RN,101,NATAL,Falta de atenção,Colisão traseira,Sem Vítimas        ,Pleno dia,Sol,Dupla   ,Urbano,Automóvel,Ileso       ,38.0,Feminino
441325,22/10/2008,RN,101,NATAL,Falta de atenção,Colisão traseira,Sem Vítimas        ,Pleno dia,Sol,Dupla   ,Urbano,Automóvel,Ileso       ,20.0,Masculino
441397,23/10/2008,RN,110,MOSSORO,Falta de atenção,Colisão Transversal,Com Vítimas Feridas,Pleno dia,Sol,Simples ,Urbano,Automóvel,Ileso       ,37.0,Masculino
441397,23/10/2008,RN,110,MOSSORO,Falta de atenção,Colisão Transversal,Com Vítimas Feridas,Pleno dia,Sol,Simples ,Urbano,Motocicletas,Ferido Grave,34.0,Masculino
441419,17/10/2008,RN,101,GOIANINHA,Falta de atenção,Colisão com bicicleta,Com Vítimas Feridas,Plena noite,Ceu Claro,Simples ,Urbano,Automóvel,Ignorado    ,-1.0,Inválido
441419,17/10/2008,RN,101,GOIANINHA,Falta de atenção,Colisão com bicicleta,Com Vítimas Feridas,Plena noite,Ceu Claro,Simples ,Urbano,Bicicleta,Ferido Grave,20.0,Masculino
441422,13/09/2008,RN,304,MOSSORO,Outras,Queda de motocicleta / bicicleta / veículo,Com Vítimas Feridas,Amanhecer,Ceu Claro,Simples ,Urbano,Motocicletas,Ferido Leve ,20.0,Feminino
441422,13/09/2008,RN,304,MOSSORO,Outras,Queda de motocicleta / bicicleta / veículo,Com Vítimas Feridas,Amanhecer,Ceu Claro,Simples ,Urbano,Motocicletas,Ferido Leve ,23.0,Feminino
441428,31/07/2008,RN,226,TANGARA,Ingestão de álcool,Colisão frontal,Com Vítimas Fatais ,Plena noite,Ceu Claro,Simples ,Rural ,Motoneta,Morto       ,-1.0,Masculino
441428,31/07/2008,RN,226,TANGARA,Ingestão de álcool,Colisão frontal,Com Vítimas Fatais ,Plena noite,Ceu Claro,Simples ,Rural ,Caminhão,Ileso       ,47.0,Masculino
441447,13/10/2008,RN,304,LAJES,Outras,Capotamento,Com Vítimas Feridas,Amanhecer,Ignorada,Simples ,Rural ,Automóvel,Ferido Grave,48.0,Masculino
441451,21/10/2008,RN,101,CEARA-MIRIM,Falta de atenção,Colisão traseira,Sem Vítimas        ,Pleno dia,Sol,Simples ,Rural ,Ônibus,Ileso       ,29.0,Masculino
441451,21/10/2008,RN,101,CEARA-MIRIM,Falta de atenção,Colisão traseira,Sem Vítimas        ,Pleno dia,Sol,Simples ,Rural ,Caminhão,Ileso       ,22.0,Masculino
441457,04/08/2008,RN,304,RIACHUELO,Outras,Atropelamento de pessoa,Com Vítimas Fatais ,Pleno dia,Sol,Simples ,Rural ,Automóvel,Ileso       ,24.0,Feminino
441457,04/08/2008,RN,304,RIACHUELO,Outras,Atropelamento de pessoa,Com Vítimas Fatais ,Pleno dia,Sol,Simples ,Rural ,(null),Morto       ,58.0,Masculino
441460,23/10/2008,RN,101,NATAL,Não guardar distância de segurança,Colisão lateral,Sem Vítimas        ,Pleno dia,Ceu Claro,Dupla   ,Urbano,Automóvel,Ileso       ,62.0,Masculino
441460,23/10/2008,RN,101,NATAL,Não guardar distância de segurança,Colisão lateral,Sem Vítimas        ,Pleno dia,Ceu Claro,Dupla   ,Urbano,Ônibus,Ileso       ,31.0,Masculino
441486,19/10/2008,RN,304,SANTANA DO MATOS,Falta de atenção,Colisão lateral,Com Vítimas Feridas,Amanhecer,Ceu Claro,Simples ,Urbano,Caminhão,Ferido Leve ,30.0,Masculino
441486,19/10/2008,RN,304,SANTANA DO MATOS,Falta de atenção,Colisão lateral,Com Vítimas Feridas,Amanhecer,Ceu Claro,Simples ,Urbano,Caminhão-Trator,Ileso       ,50.0,Masculino
441607,23/10/2008,RN,406,CEARA-MIRIM,Outras,Danos Eventuais,Sem Vítimas        ,Pleno dia,Ceu Claro,Simples ,Rural ,Caminhão-Trator,Ileso       ,43.0,Masculino
441607,23/10/2008,RN,406,CEARA-MIRIM,Outras,Danos Eventuais,Sem Vítimas        ,Pleno dia,Ceu Claro,Simples ,Rural ,Automóvel,Ileso       ,32.0,Masculino
441634,23/10/2008,RN,405,MOSSORO,Não guardar distância de segurança,Colisão traseira,Sem Vítimas        ,Anoitecer,Ceu Claro,Dupla   ,Urbano,Automóvel,Ileso       ,40.0,Masculino
441634,23/10/2008,RN,405,MOSSORO,Não guardar distância de segurança,Colisão traseira,Sem Vítimas        ,Anoitecer,Ceu Claro,Dupla   ,Urbano,Caminhonete,Ileso       ,19.0,Masculino
441657,23/10/2008,RN,101,SAO GONCALO DO AMARANTE,Não guardar distância de segurança,Colisão traseira,Sem Vítimas        ,Plena noite,Ceu Claro,Dupla   ,Urbano,Automóvel,Ileso       ,53.0,Masculino
441657,23/10/2008,RN,101,SAO GONCALO DO AMARANTE,Não guardar distância de segurança,Colisão traseira,Sem Vítimas        ,Plena noite,Ceu Claro,Dupla   ,Urbano,Automóvel,Ileso       ,37.0,Masculino
441657,23/10/2008,RN,101,SAO GONCALO DO AMARANTE,Não guardar distância de segurança,Colisão traseira,Sem Vítimas        ,Plena noite,Ceu Claro,Dupla   ,Urbano,Automóvel,Ileso       ,56.0,Masculino
441657,23/10/2008,RN,101,SAO GONCALO DO AMARANTE,Não guardar distância de segurança,Colisão traseira,Sem Vítimas        ,Plena noite,Ceu Claro,Dupla   ,Urbano,Caminhonete,Ileso       ,19.0,Masculino
441689,23/10/2008,RN,101,PARNAMIRIM,Não guardar distância de segurança,Colisão traseira,Sem Vítimas        ,Pleno dia,Sol,Dupla   ,Urbano,Motocicletas,Ileso       ,21.0,Masculino
441689,23/10/2008,RN,101,PARNAMIRIM,Não guardar distância de segurança,Colisão traseira,Sem Vítimas        ,Pleno dia,Sol,Dupla   ,Urbano,Automóvel,Ileso       ,33.0,Masculino
441850,19/10/2008,RN,101,NATAL,Ultrapassagem indevida,Colisão lateral,Com Vítimas Feridas,Plena noite,Ceu Claro,Múltipla,Urbano,Motocicletas,Ferido Grave,29.0,Masculino
441850,19/10/2008,RN,101,NATAL,Ultrapassagem indevida,Colisão lateral,Com Vítimas Feridas,Plena noite,Ceu Claro,Múltipla,Urbano,Automóvel,Ignorado    ,-1.0,Inválido
441850,19/10/2008,RN,101,NATAL,Ultrapassagem indevida,Colisão lateral,Com Vítimas Feridas,Plena noite,Ceu Claro,Múltipla,Urbano,Motocicletas,Ferido Grave,-1.0,Feminino
441854,16/10/2008,RN,101,SAO GONCALO DO AMARANTE,Falta de atenção,Atropelamento de pessoa,Com Vítimas Feridas,Pleno dia,Ceu Claro,Dupla   ,Urbano,Automóvel,Ileso       ,31.0,Masculino
441854,16/10/2008,RN,101,SAO GONCALO DO AMARANTE,Falta de atenção,Atropelamento de pessoa,Com Vítimas Feridas,Pleno dia,Ceu Claro,Dupla   ,Urbano,(null),Ferido Grave,37.0,Masculino
441978,16/10/2008,RN,101,PARNAMIRIM,Desobediência à sinalização,Colisão Transversal,Sem Vítimas        ,Plena noite,Ceu Claro,Dupla   ,Urbano,Automóvel,Ileso       ,34.0,Masculino
441978,16/10/2008,RN,101,PARNAMIRIM,Desobediência à sinalização,Colisão Transversal,Sem Vítimas        ,Plena noite,Ceu Claro,Dupla   ,Urbano,Automóvel,Ileso       ,31.0,Feminino
441981,24/10/2008,RN,226,CAMPO REDONDO,Outras,Colisão lateral,Com Vítimas Feridas,Pleno dia,Ceu Claro,Simples ,Rural ,Automóvel,Ileso       ,52.0,Masculino
441981,24/10/2008,RN,226,CAMPO REDONDO,Outras,Colisão lateral,Com Vítimas Feridas,Pleno dia,Ceu Claro,Simples ,Rural ,Motocicletas,Ferido Leve ,65.0,Masculino
442012,24/10/2008,RN,101,PARNAMIRIM,Falta de atenção,Colisão traseira,Sem Vítimas        ,Pleno dia,Ceu Claro,Dupla   ,Urbano,Automóvel,Ileso       ,37.0,Feminino
442012,24/10/2008,RN,101,PARNAMIRIM,Falta de atenção,Colisão traseira,Sem Vítimas        ,Pleno dia,Ceu Claro,Dupla   ,Urbano,Automóvel,Ignorado    ,-1.0,Inválido
442114,24/10/2008,RN,101,NATAL,Falta de atenção,Colisão traseira,Sem Vítimas        ,Pleno dia,Sol,Simples ,Urbano,Automóvel,Ileso       ,27.0,Masculino
442114,24/10/2008,RN,101,NATAL,Falta de atenção,Colisão traseira,Sem Vítimas        ,Pleno dia,Sol,Simples ,Urbano,Caminhonete,Ileso       ,52.0,Masculino
442119,24/10/2008,RN,226,SENADOR ELOI DE SOUZA,Animais na Pista,Atropelamento de animal,Sem Vítimas        ,Plena noite,Ceu Claro,Simples ,Rural ,Automóvel,Ileso       ,30.0,Masculino
442147,20/10/2008,RN,101,NATAL,Não guardar distância de segurança,Colisão traseira,Sem Vítimas        ,Pleno dia,Sol,Dupla   ,Urbano,Automóvel,Ignorado    ,-1.0,Inválido
442147,20/10/2008,RN,101,NATAL,Não guardar distância de segurança,Colisão traseira,Sem Vítimas        ,Pleno dia,Sol,Dupla   ,Urbano,Automóvel,Ileso       ,25.0,Feminino
442153,20/10/2008,RN,101,NATAL,Não guardar distância de segurança,Colisão traseira,Sem Vítimas        ,Pleno dia,Sol,Dupla   ,Urbano,Automóvel,Ignorado    ,-1.0,Inválido
442153,20/10/2008,RN,101,NATAL,Não guardar distância de segurança,Colisão traseira,Sem Vítimas        ,Pleno dia,Sol,Dupla   ,Urbano,Automóvel,Ileso       ,21.0,Masculino
442265,21/10/2008,RN,101,CANGUARETAMA,Defeito mecânico em veículo,Saída de Pista,Sem Vítimas        ,Anoitecer,Ceu Claro,Simples ,Rural ,Automóvel,Ileso       ,40.0,Masculino
442330,25/10/2008,RN,101,PARNAMIRIM,Falta de atenção,Colisão traseira,Sem Vítimas        ,Pleno dia,Ceu Claro,Múltipla,Urbano,Automóvel,Ileso       ,27.0,Masculino
442330,25/10/2008,RN,101,PARNAMIRIM,Falta de atenção,Colisão traseira,Sem Vítimas        ,Pleno dia,Ceu Claro,Múltipla,Urbano,Automóvel,Ileso       ,38.0,Masculino
442330,25/10/2008,RN,101,PARNAMIRIM,Falta de atenção,Colisão traseira,Sem Vítimas        ,Pleno dia,Ceu Claro,Múltipla,Urbano,Automóvel,Ileso       ,23.0,Masculino
442350,25/10/2008,RN,101,NATAL,Outras,Colisão traseira,Com Vítimas Feridas,Pleno dia,Nublado,Dupla   ,Urbano,Automóvel,Ferido Leve ,38.0,Masculino
442350,25/10/2008,RN,101,NATAL,Outras,Colisão traseira,Com Vítimas Feridas,Pleno dia,Nublado,Dupla   ,Urbano,Ônibus,Ileso       ,53.0,Masculino
442350,25/10/2008,RN,101,NATAL,Outras,Colisão traseira,Com Vítimas Feridas,Pleno dia,Nublado,Dupla   ,Urbano,Ônibus,Ileso       ,42.0,Feminino
442487,25/10/2008,RN,226,NATAL,Outras,Colisão lateral,Com Vítimas Feridas,Plena noite,Ceu Claro,Simples ,Urbano,Motoneta,Ferido Leve ,26.0,Masculino
442487,25/10/2008,RN,226,NATAL,Outras,Colisão lateral,Com Vítimas Feridas,Plena noite,Ceu Claro,Simples ,Urbano,Automóvel,Ignorado    ,-1.0,Inválido
442487,25/10/2008,RN,226,NATAL,Outras,Colisão lateral,Com Vítimas Feridas,Plena noite,Ceu Claro,Simples ,Urbano,Motoneta,Ferido Grave,19.0,Feminino
442497,25/10/2008,RN,304,MOSSORO,Falta de atenção,Tombamento,Sem Vítimas        ,Pleno dia,Ceu Claro,Simples ,Urbano,Caminhão-Trator,Ileso       ,33.0,Masculino
442498,26/08/2008,RN,304,PARNAMIRIM,Outras,Colisão lateral,Com Vítimas Feridas,Pleno dia,Chuva,Dupla   ,Rural ,Motocicletas,Ferido Grave,26.0,Masculino
442498,26/08/2008,RN,304,PARNAMIRIM,Outras,Colisão lateral,Com Vítimas Feridas,Pleno dia,Chuva,Dupla   ,Rural ,Automóvel,Ileso       ,41.0,Masculino
442504,27/09/2008,RN,101,NATAL,Falta de atenção,Colisão traseira,Sem Vítimas        ,Pleno dia,Ceu Claro,Dupla   ,Urbano,Automóvel,Ileso       ,18.0,Masculino
442504,27/09/2008,RN,101,NATAL,Falta de atenção,Colisão traseira,Sem Vítimas        ,Pleno dia,Ceu Claro,Dupla   ,Urbano,Automóvel,Ileso       ,53.0,Masculino
442531,22/10/2008,RN,101,NATAL,Não guardar distância de segurança,Colisão lateral,Sem Vítimas        ,Pleno dia,Ceu Claro,Dupla   ,Urbano,Automóvel,Ileso       ,47.0,Feminino
442531,22/10/2008,RN,101,NATAL,Não guardar distância de segurança,Colisão lateral,Sem Vítimas        ,Pleno dia,Ceu Claro,Dupla   ,Urbano,Caminhão,Ileso       ,46.0,Masculino
442554,22/10/2008,RN,101,NATAL,Falta de atenção,Colisão traseira,Sem Vítimas        ,Plena noite,Ceu Claro,Dupla   ,Urbano,Automóvel,Ileso       ,23.0,Masculino
442554,22/10/2008,RN,101,NATAL,Falta de atenção,Colisão traseira,Sem Vítimas        ,Plena noite,Ceu Claro,Dupla   ,Urbano,Automóvel,Ileso       ,38.0,Feminino
442561,18/10/2008,RN,101,NATAL,Não guardar distância de segurança,Colisão traseira,Sem Vítimas        ,Plena noite,Ceu Claro,Múltipla,Urbano,Automóvel,Ileso       ,20.0,Masculino
442561,18/10/2008,RN,101,NATAL,Não guardar distância de segurança,Colisão traseira,Sem Vítimas        ,Plena noite,Ceu Claro,Múltipla,Urbano,Automóvel,Ileso       ,23.0,Feminino
442580,18/10/2008,RN,101,NATAL,Animais na Pista,Colisão traseira,Sem Vítimas        ,Plena noite,Ceu Claro,Dupla   ,Urbano,Automóvel,Ileso       ,57.0,Masculino
442580,18/10/2008,RN,101,NATAL,Animais na Pista,Colisão traseira,Sem Vítimas        ,Plena noite,Ceu Claro,Dupla   ,Urbano,Automóvel,Ileso       ,24.0,Masculino
442580,18/10/2008,RN,101,NATAL,Animais na Pista,Colisão traseira,Sem Vítimas        ,Plena noite,Ceu Claro,Dupla   ,Urbano,Automóvel,Ileso       ,23.0,Masculino
442624,22/10/2008,RN,101,NATAL,Falta de atenção,Colisão traseira,Sem Vítimas        ,Pleno dia,Ceu Claro,Múltipla,Urbano,Automóvel,Ileso       ,72.0,Masculino
442624,22/10/2008,RN,101,NATAL,Falta de atenção,Colisão traseira,Sem Vítimas        ,Pleno dia,Ceu Claro,Múltipla,Urbano,Automóvel,Ileso       ,50.0,Masculino
442625,22/10/2008,RN,101,NATAL,Falta de atenção,Colisão traseira,Sem Vítimas        ,Plena noite,Ceu Claro,Múltipla,Urbano,Ônibus,Ileso       ,45.0,Masculino
442625,22/10/2008,RN,101,NATAL,Falta de atenção,Colisão traseira,Sem Vítimas        ,Plena noite,Ceu Claro,Múltipla,Urbano,Automóvel,Ileso       ,23.0,Masculino
442755,22/10/2008,RN,304,PARNAMIRIM,Outras,Colisão com bicicleta,Com Vítimas Feridas,Plena noite,Ceu Claro,Dupla   ,Rural ,Bicicleta,Ferido Grave,-1.0,Masculino
442755,22/10/2008,RN,304,PARNAMIRIM,Outras,Colisão com bicicleta,Com Vítimas Feridas,Plena noite,Ceu Claro,Dupla   ,Rural ,Camioneta,Ileso       ,-1.0,Inválido
442766,26/10/2008,RN,101,SAO JOSE DE MIPIBU,Outras,Capotamento,Sem Vítimas        ,Pleno dia,Ceu Claro,Simples ,Urbano,Automóvel,Ileso       ,22.0,Masculino
442773,23/10/2008,RN,101,PARNAMIRIM,Não guardar distância de segurança,Colisão lateral,Sem Vítimas        ,Pleno dia,Ceu Claro,Dupla   ,Urbano,Automóvel,Ileso       ,37.0,Feminino
442773,23/10/2008,RN,101,PARNAMIRIM,Não guardar distância de segurança,Colisão lateral,Sem Vítimas        ,Pleno dia,Ceu Claro,Dupla   ,Urbano,Caminhão,Ileso       ,37.0,Masculino
442830,26/10/2008,RN,304,MOSSORO,Animais na Pista,Atropelamento de animal,Com Vítimas Feridas,Plena noite,Ceu Claro,Simples ,Rural ,Motocicletas,Ferido Leve ,26.0,Masculino
442907,19/10/2008,RN,101,NATAL,Desobediência à sinalização,Colisão Transversal,Sem Vítimas        ,Plena noite,Ceu Claro,Múltipla,Urbano,Motocicletas,Ignorado    ,-1.0,Inválido
442907,19/10/2008,RN,101,NATAL,Desobediência à sinalização,Colisão Transversal,Sem Vítimas        ,Plena noite,Ceu Claro,Múltipla,Urbano,Automóvel,Ileso       ,24.0,Feminino
442912,25/10/2008,RN,101,NATAL,Falta de atenção,Colisão Transversal,Com Vítimas Feridas,Pleno dia,Ceu Claro,Dupla   ,Rural ,Motocicletas,Ferido Leve ,21.0,Masculino
442912,25/10/2008,RN,101,NATAL,Falta de atenção,Colisão Transversal,Com Vítimas Feridas,Pleno dia,Ceu Claro,Dupla   ,Rural ,Automóvel,Ileso       ,51.0,Masculino
443024,23/10/2008,RN,101,PARNAMIRIM,Falta de atenção,Colisão traseira,Sem Vítimas        ,Pleno dia,Ceu Claro,Múltipla,Urbano,Automóvel,Ileso       ,46.0,Masculino
443024,23/10/2008,RN,101,PARNAMIRIM,Falta de atenção,Colisão traseira,Sem Vítimas        ,Pleno dia,Ceu Claro,Múltipla,Urbano,Utilitário,Ileso       ,36.0,Masculino
443031,23/10/2008,RN,304,MACAIBA,Outras,Tombamento,Sem Vítimas        ,Plena noite,Ceu Claro,Dupla   ,Urbano,Caminhão-Trator,Ileso       ,39.0,Masculino
443062,23/10/2008,RN,101,NATAL,Não guardar distância de segurança,Colisão lateral,Sem Vítimas        ,Anoitecer,Ceu Claro,Múltipla,Urbano,Automóvel,Ileso       ,42.0,Masculino
443062,23/10/2008,RN,101,NATAL,Não guardar distância de segurança,Colisão lateral,Sem Vítimas        ,Anoitecer,Ceu Claro,Múltipla,Urbano,Caminhão-Trator,Ileso       ,50.0,Masculino
443099,24/10/2008,RN,101,PARNAMIRIM,Não guardar distância de segurança,Colisão traseira,Sem Vítimas        ,Pleno dia,Ceu Claro,Dupla   ,Urbano,Camioneta,Ileso       ,23.0,Masculino
443099,24/10/2008,RN,101,PARNAMIRIM,Não guardar distância de segurança,Colisão traseira,Sem Vítimas        ,Pleno dia,Ceu Claro,Dupla   ,Urbano,Automóvel,Ileso       ,33.0,Masculino
443111,27/10/2008,RN,101,NATAL,Não guardar distância de segurança,Colisão traseira,Sem Vítimas        ,Pleno dia,Sol,Dupla   ,Urbano,Automóvel,Ileso       ,30.0,Feminino
443111,27/10/2008,RN,101,NATAL,Não guardar distância de segurança,Colisão traseira,Sem Vítimas        ,Pleno dia,Sol,Dupla   ,Urbano,Automóvel,Ileso       ,36.0,Masculino
443132,27/10/2008,RN,110,MOSSORO,Animais na Pista,Atropelamento de animal,Sem Vítimas        ,Plena noite,Ceu Claro,Simples ,Rural ,Camioneta,Ileso       ,27.0,Masculino
443194,27/10/2008,RN,427,CAICO,Falta de atenção,Capotamento,Sem Vítimas        ,Pleno dia,Ceu Claro,Simples ,Rural ,Automóvel,Ileso       ,40.0,Masculino
443290,17/10/2008,RN,406,CEARA-MIRIM,Falta de atenção,Colisão Transversal,Com Vítimas Feridas,Amanhecer,Ignorada,Simples ,Rural ,Motocicletas,Ferido Leve ,0.0,Masculino
443290,17/10/2008,RN,406,CEARA-MIRIM,Falta de atenção,Colisão Transversal,Com Vítimas Feridas,Amanhecer,Ignorada,Simples ,Rural ,Camioneta,Ignorado    ,-1.0,Inválido
443328,28/10/2008,RN,101,SAO JOSE DE MIPIBU,Outras,Colisão lateral,Sem Vítimas        ,Pleno dia,Ceu Claro,Simples ,Urbano,Caminhão-Trator,Ileso       ,40.0,Masculino
443328,28/10/2008,RN,101,SAO JOSE DE MIPIBU,Outras,Colisão lateral,Sem Vítimas        ,Pleno dia,Ceu Claro,Simples ,Urbano,Caminhão,Ileso       ,39.0,Masculino
443463,26/10/2008,RN,406,JOAO CAMARA,Falta de atenção,Capotamento,Com Vítimas Fatais ,Pleno dia,Sol,Simples ,Rural ,Automóvel,Ileso       ,19.0,Masculino
443463,26/10/2008,RN,406,JOAO CAMARA,Falta de atenção,Capotamento,Com Vítimas Fatais ,Pleno dia,Sol,Simples ,Rural ,Automóvel,Morto       ,10.0,Feminino
443468,28/10/2008,RN,101,GOIANINHA,Não guardar distância de segurança,Colisão traseira,Sem Vítimas        ,Pleno dia,Ceu Claro,Simples ,Rural ,Caminhão,Ileso       ,50.0,Masculino
443468,28/10/2008,RN,101,GOIANINHA,Não guardar distância de segurança,Colisão traseira,Sem Vítimas        ,Pleno dia,Ceu Claro,Simples ,Rural ,Não identificado,Ignorado    ,-1.0,Inválido
443476,28/10/2008,RN,101,PARNAMIRIM,Outras,Colisão lateral,Sem Vítimas        ,Anoitecer,Ceu Claro,Múltipla,Urbano,Automóvel,Ileso       ,28.0,Masculino
443476,28/10/2008,RN,101,PARNAMIRIM,Outras,Colisão lateral,Sem Vítimas        ,Anoitecer,Ceu Claro,Múltipla,Urbano,Automóvel,Ileso       ,54.0,Masculino
443570,28/10/2008,RN,101,NATAL,Falta de atenção,Colisão traseira,Sem Vítimas        ,Plena noite,Ceu Claro,Dupla   ,Urbano,Automóvel,Ileso       ,33.0,Feminino
443570,28/10/2008,RN,101,NATAL,Falta de atenção,Colisão traseira,Sem Vítimas        ,Plena noite,Ceu Claro,Dupla   ,Urbano,Automóvel,Ileso       ,42.0,Masculino
443577,28/10/2008,RN,101,NATAL,Defeito na via,Colisão com objeto fixo,Sem Vítimas        ,Plena noite,Ceu Claro,Múltipla,Urbano,Automóvel,Ileso       ,30.0,Masculino
443590,28/10/2008,RN,101,GOIANINHA,Outras,Capotamento,Com Vítimas Feridas,Plena noite,Ceu Claro,Simples ,Rural ,Automóvel,Ferido Leve ,51.0,Masculino
443617,28/10/2008,RN,101,NATAL,Falta de atenção,Colisão traseira,Sem Vítimas        ,Plena noite,Ceu Claro,Dupla   ,Urbano,Automóvel,Ileso       ,47.0,Masculino
443617,28/10/2008,RN,101,NATAL,Falta de atenção,Colisão traseira,Sem Vítimas        ,Plena noite,Ceu Claro,Dupla   ,Urbano,Automóvel,Ileso       ,52.0,Masculino
443676,24/10/2008,RN,101,NATAL,Desobediência à sinalização,Colisão lateral,Sem Vítimas        ,Pleno dia,Sol,Dupla   ,Urbano,Automóvel,Ileso       ,-1.0,Masculino
443676,24/10/2008,RN,101,NATAL,Desobediência à sinalização,Colisão lateral,Sem Vítimas        ,Pleno dia,Sol,Dupla   ,Urbano,Caminhão,Ileso       ,49.0,Masculino
443721,20/10/2008,RN,101,EXTREMOZ,Outras,Colisão frontal,Com Vítimas Fatais ,Plena noite,Ceu Claro,Simples ,Rural ,Automóvel,Morto       ,68.0,Masculino
443721,20/10/2008,RN,101,EXTREMOZ,Outras,Colisão frontal,Com Vítimas Fatais ,Plena noite,Ceu Claro,Simples ,Rural ,Automóvel,Ignorado    ,44.0,Masculino
443750,29/10/2008,RN,101,NATAL,Outras,Atropelamento de pessoa,Com Vítimas Feridas,Pleno dia,Ceu Claro,Dupla   ,Urbano,Automóvel,Ileso       ,22.0,Masculino
443750,29/10/2008,RN,101,NATAL,Outras,Atropelamento de pessoa,Com Vítimas Feridas,Pleno dia,Ceu Claro,Dupla   ,Urbano,(null),Ferido Grave,84.0,Masculino
443838,23/10/2008,RN,101,NATAL,Outras,Colisão traseira,Sem Vítimas        ,Pleno dia,Ceu Claro,Simples ,Urbano,Automóvel,Ileso       ,36.0,Masculino
443838,23/10/2008,RN,101,NATAL,Outras,Colisão traseira,Sem Vítimas        ,Pleno dia,Ceu Claro,Simples ,Urbano,Microônibus,Ileso       ,42.0,Masculino
443842,27/10/2008,RN,427,CAICO,Não guardar distância de segurança,Colisão traseira,Sem Vítimas        ,Plena noite,Ceu Claro,Simples ,Urbano,Automóvel,Ileso       ,46.0,Feminino
443842,27/10/2008,RN,427,CAICO,Não guardar distância de segurança,Colisão traseira,Sem Vítimas        ,Plena noite,Ceu Claro,Simples ,Urbano,Camioneta,Ileso       ,22.0,Masculino
443842,27/10/2008,RN,427,CAICO,Não guardar distância de segurança,Colisão traseira,Sem Vítimas        ,Plena noite,Ceu Claro,Simples ,Urbano,Automóvel,Ileso       ,52.0,Masculino
443900,29/10/2008,RN,101,PARNAMIRIM,Outras,Colisão traseira,Com Vítimas Feridas,Pleno dia,Ceu Claro,Simples ,Urbano,Bicicleta,Ferido Leve ,45.0,Masculino
443900,29/10/2008,RN,101,PARNAMIRIM,Outras,Colisão traseira,Com Vítimas Feridas,Pleno dia,Ceu Claro,Simples ,Urbano,Automóvel,Ignorado    ,-1.0,Inválido