id,data_inversa,uf,br,municipio,causa_acidente,tipo_acidente,classificacao_acidente,fase_dia,condicao_metereologica,tipo_pista,uso_solo,tipo_veiculo,estado_fisico,idade,sexo
446362,01/11/2008,RN,101,PARNAMIRIM,Outras,Colisão lateral,Com Vítimas Feridas,Plena noite,Ceu Claro,Dupla   ,Urbano,Automóvel,Ileso       ,29.0,Masculino
446362,01/11/2008,RN,101,PARNAMIRIM,Outras,Colisão lateral,Com Vítimas Feridas,Plena noite,Ceu Claro,Dupla   ,Urbano,Motocicletas,Ferido Grave,18.0,Masculino
446409,04/11/2008,RN,101,GOIANINHA,Ultrapassagem indevida,Colisão frontal,Com Vítimas Feridas,Plena noite,Ceu Claro,Simples ,Urbano,Automóvel,Ignorado    ,52.0,Masculino
446409,04/11/2008,RN,101,GOIANINHA,Ultrapassagem indevida,Colisão frontal,Com Vítimas Feridas,Plena noite,Ceu Claro,Simples ,Urbano,Motocicletas,Ferido Grave,25.0,Masculino
446409,04/11/2008,RN,101,GOIANINHA,Ultrapassagem indevida,Colisão frontal,Com Vítimas Feridas,Plena noite,Ceu Claro,Simples ,Urbano,Motocicletas,Ferido Leve ,20.0,Masculino
446490,01/11/2008,RN,304,RIACHUELO,Falta de atenção,Colisão lateral,Sem Vítimas        ,Pleno dia,Ceu Claro,Simples ,Urbano,Automóvel,Ileso       ,24.0,Masculino
446490,01/11/2008,RN,304,RIACHUELO,Falta de atenção,Colisão lateral,Sem Vítimas        ,Pleno dia,Ceu Claro,Simples ,Urbano,Camioneta,Ileso       ,70.0,Masculino
446551,05/11/2008,RN,304,MOSSORO,Falta de atenção,Colisão traseira,Sem Vítimas        ,Pleno dia,Ceu Claro,Simples ,Urbano,Caminhão,Ileso       ,31.0,Masculino
446551,05/11/2008,RN,304,MOSSORO,Falta de atenção,Colisão traseira,Sem Vítimas        ,Pleno dia,Ceu Claro,Simples ,Urbano,Automóvel,Ileso       ,24.0,Masculino
446607,05/11/2008,RN,101,NATAL,Outras,Colisão lateral,Sem Vítimas        ,Pleno dia,Sol,Simples ,Urbano,Ônibus,Ileso       ,33.0,Masculino
446607,05/11/2008,RN,101,NATAL,Outras,Colisão lateral,Sem Vítimas        ,Pleno dia,Sol,Simples ,Urbano,Automóvel,Ileso       ,60.0,Feminino
446616,29/10/2008,RN,101,PARNAMIRIM,Falta de atenção,Colisão traseira,Sem Vítimas        ,Pleno dia,Sol,Dupla   ,Urbano,Automóvel,Ileso       ,25.0,Feminino
446616,29/10/2008,RN,101,PARNAMIRIM,Falta de atenção,Colisão traseira,Sem Vítimas        ,Pleno dia,Sol,Dupla   ,Urbano,Automóvel,Ileso       ,28.0,Masculino
446618,05/11/2008,RN,101,NATAL,Outras,Colisão lateral,Sem Vítimas        ,Pleno dia,Sol,Simples ,Urbano,Automóvel,Ileso       ,31.0,Feminino
446618,05/11/2008,RN,101,NATAL,Outras,Colisão lateral,Sem Vítimas        ,Pleno dia,Sol,Simples ,Urbano,Automóvel,Ileso       ,-1.0,Feminino
446637,24/10/2008,RN,226,SENADOR ELOI DE SOUZA,Falta de atenção,Colisão traseira,Sem Vítimas        ,Plena noite,Sol,Simples ,Rural ,Motocicletas,Ignorado    ,-1.0,Inválido
446637,24/10/2008,RN,226,SENADOR ELOI DE SOUZA,Falta de atenção,Colisão traseira,Sem Vítimas        ,Plena noite,Sol,Simples ,Rural ,Automóvel,Ileso       ,-1.0,Feminino
446637,24/10/2008,RN,226,SENADOR ELOI DE SOUZA,Falta de atenção,Colisão traseira,Sem Vítimas        ,Plena noite,Sol,Simples ,Rural ,Automóvel,Ileso       ,46.0,Masculino
446638,05/11/2008,RN,101,ARES,Falta de atenção,Colisão com objeto fixo,Sem Vítimas        ,Pleno dia,Ceu Claro,Dupla   ,Rural ,Automóvel,Ileso       ,21.0,Masculino
446645,05/11/2008,RN,101,NATAL,Outras,Colisão lateral,Sem Vítimas        ,Pleno dia,Ceu Claro,Múltipla,Urbano,Automóvel,Ignorado    ,-1.0,Inválido
446645,05/11/2008,RN,101,NATAL,Outras,Colisão lateral,Sem Vítimas        ,Pleno dia,Ceu Claro,Múltipla,Urbano,Automóvel,Ileso       ,22.0,Feminino
446716,01/11/2008,RN,101,PARNAMIRIM,Falta de atenção,Colisão traseira,Sem Vítimas        ,Pleno dia,Sol,Dupla   ,Urbano,Motoneta,Ileso       ,36.0,Masculino
446716,01/11/2008,RN,101,PARNAMIRIM,Falta de atenção,Colisão traseira,Sem Vítimas        ,Pleno dia,Sol,Dupla   ,Urbano,Microônibus,Ileso       ,53.0,Masculino
446744,05/11/2008,RN,110,MOSSORO,Falta de atenção,Colisão Transversal,Com Vítimas Feridas,Plena noite,Ceu Claro,Simples ,Urbano,Automóvel,Ileso       ,25.0,Feminino
446744,05/11/2008,RN,110,MOSSORO,Falta de atenção,Colisão Transversal,Com Vítimas Feridas,Plena noite,Ceu Claro,Simples ,Urbano,Motoneta,Ferido Leve ,24.0,Masculino
446847,30/10/2008,RN,101,NATAL,Falta de atenção,Colisão traseira,Sem Vítimas        ,Pleno dia,Ceu Claro,Múltipla,Urbano,Automóvel,Ileso       ,58.0,Masculino
446847,30/10/2008,RN,101,NATAL,Falta de atenção,Colisão traseira,Sem Vítimas        ,Pleno dia,Ceu Claro,Múltipla,Urbano,Automóvel,Ileso       ,27.0,Masculino
446847,30/10/2008,RN,101,NATAL,Falta de atenção,Colisão traseira,Sem Vítimas        ,Pleno dia,Ceu Claro,Múltipla,Urbano,Automóvel,Ileso       ,36.0,Masculino
446847,30/10/2008,RN,101,NATAL,Falta de atenção,Colisão traseira,Sem Vítimas        ,Pleno dia,Ceu Claro,Múltipla,Urbano,Automóvel,Ileso       ,25.0,Feminino
446901,21/10/2008,RN,101,NATAL,Falta de atenção,Colisão traseira,Sem Vítimas        ,Pleno dia,Ceu Claro,Dupla   ,Urbano,Caminhão,Ileso       ,29.0,Masculino
446901,21/10/2008,RN,101,NATAL,Falta de atenção,Colisão traseira,Sem Vítimas        ,Pleno dia,Ceu Claro,Dupla   ,Urbano,Camioneta,Ileso       ,20.0,Masculino
446904,02/11/2008,RN,304,MACAIBA,Falta de atenção,Colisão traseira,Com Vítimas Feridas,Anoitecer,Ceu Claro,Simples ,Rural ,Motocicletas,Ferido Leve ,40.0,Masculino
446904,02/11/2008,RN,304,MACAIBA,Falta de atenção,Colisão traseira,Com Vítimas Feridas,Anoitecer,Ceu Claro,Simples ,Rural ,Automóvel,Ileso       ,44.0,Feminino
446913,06/11/2008,RN,101,MACAIBA,Não guardar distância de segurança,Colisão lateral,Sem Vítimas        ,Pleno dia,Sol,Dupla   ,Urbano,Automóvel,Ileso       ,50.0,Masculino
446913,06/11/2008,RN,101,MACAIBA,Não guardar distância de segurança,Colisão lateral,Sem Vítimas        ,Pleno dia,Sol,Dupla   ,Urbano,Automóvel,Ileso       ,32.0,Masculino
446948,02/11/2008,RN,101,NATAL,Outras,Atropelamento de pessoa,Com Vítimas Feridas,Plena noite,Ceu Claro,Dupla   ,Urbano,Motocicletas,Ferido Leve ,62.0,Masculino
446948,02/11/2008,RN,101,NATAL,Outras,Atropelamento de pessoa,Com Vítimas Feridas,Plena noite,Ceu Claro,Dupla   ,Urbano,(null),Ignorado    ,-1.0,Masculino
446952,06/11/2008,RN,101,NATAL,Falta de atenção,Colisão traseira,Sem Vítimas        ,Pleno dia,Ceu Claro,Dupla   ,Urbano,Automóvel,Ileso       ,40.0,Masculino
446952,06/11/2008,RN,101,NATAL,Falta de atenção,Colisão traseira,Sem Vítimas        ,Pleno dia,Ceu Claro,Dupla   ,Urbano,Automóvel,Ileso       ,28.0,Feminino
446952,06/11/2008,RN,101,NATAL,Falta de atenção,Colisão traseira,Sem Vítimas        ,Pleno dia,Ceu Claro,Dupla   ,Urbano,Automóvel,Ileso       ,42.0,Masculino
446952,06/11/2008,RN,101,NATAL,Falta de atenção,Colisão traseira,Sem Vítimas        ,Pleno dia,Ceu Claro,Dupla   ,Urbano,Utilitário,Ignorado    ,25.0,Masculino
446957,06/11/2008,RN,101,PARNAMIRIM,Outras,Colisão traseira,Sem Vítimas        ,Pleno dia,Ceu Claro,Dupla   ,Urbano,Caminhão-Trator,Ileso       ,45.0,Masculino
446957,06/11/2008,RN,101,PARNAMIRIM,Outras,Colisão traseira,Sem Vítimas        ,Pleno dia,Ceu Claro,Dupla   ,Urbano,Automóvel,Ileso       ,23.0,Masculino
447061,06/11/2008,RN,101,PARNAMIRIM,Outras,Colisão traseira,Sem Vítimas        ,Pleno dia,Ceu Claro,Dupla   ,Urbano,Automóvel,Ileso       ,46.0,Masculino
447061,06/11/2008,RN,101,PARNAMIRIM,Outras,Colisão traseira,Sem Vítimas        ,Pleno dia,Ceu Claro,Dupla   ,Urbano,Caminhonete,Ileso       ,48.0,Masculino
447061,06/11/2008,RN,101,PARNAMIRIM,Outras,Colisão traseira,Sem Vítimas        ,Pleno dia,Ceu Claro,Dupla   ,Urbano,Automóvel,Ileso       ,29.0,Masculino
447077,06/11/2008,RN,101,NATAL,Falta de atenção,Colisão lateral,Sem Vítimas        ,Pleno dia,Ceu Claro,Dupla   ,Urbano,Caminhão,Ileso       ,33.0,Masculino
447077,06/11/2008,RN,101,NATAL,Falta de atenção,Colisão lateral,Sem Vítimas        ,Pleno dia,Ceu Claro,Dupla   ,Urbano,Caminhonete,Ileso       ,24.0,Masculino
447081,06/11/2008,RN,101,NATAL,Falta de atenção,Colisão traseira,Sem Vítimas        ,Anoitecer,Ceu Claro,Dupla   ,Urbano,Automóvel,Ileso       ,37.0,Masculino
447081,06/11/2008,RN,101,NATAL,Falta de atenção,Colisão traseira,Sem Vítimas        ,Anoitecer,Ceu Claro,Dupla   ,Urbano,Automóvel,Ileso       ,36.0,Feminino
447133,03/11/2008,RN,406,CEARA-MIRIM,Ultrapassagem indevida,Colisão frontal,Com Vítimas Feridas,Pleno dia,Ceu Claro,Simples ,Rural ,Automóvel,Ileso       ,45.0,Masculino
447133,03/11/2008,RN,406,CEARA-MIRIM,Ultrapassagem indevida,Colisão frontal,Com Vítimas Feridas,Pleno dia,Ceu Claro,Simples ,Rural ,Motocicletas,Ferido Grave,33.0,Masculino
447187,06/11/2008,RN,101,NATAL,Falta de atenção,Colisão frontal,Sem Vítimas        ,Plena noite,Ceu Claro,Dupla   ,Urbano,Motocicletas,Ileso       ,27.0,Masculino
447187,06/11/2008,RN,101,NATAL,Falta de atenção,Colisão frontal,Sem Vítimas        ,Plena noite,Ceu Claro,Dupla   ,Urbano,Automóvel,Ileso       ,21.0,Masculino
447250,01/11/2008,RN,101,PARNAMIRIM,Desobediência à sinalização,Colisão Transversal,Com Vítimas Feridas,Pleno dia,Sol,Dupla   ,Urbano,Motocicletas,Ferido Grave,18.0,Masculino
447250,01/11/2008,RN,101,PARNAMIRIM,Desobediência à sinalização,Colisão Transversal,Com Vítimas Feridas,Pleno dia,Sol,Dupla   ,Urbano,Caminhão,Ileso       ,41.0,Masculino
447253,07/11/2008,RN,101,CANGUARETAMA,Outras,Colisão com objeto fixo,Com Vítimas Feridas,Amanhecer,Ceu Claro,Simples ,Rural ,Automóvel,Ferido Leve ,31.0,Masculino
447253,07/11/2008,RN,101,CANGUARETAMA,Outras,Colisão com objeto fixo,Com Vítimas Feridas,Amanhecer,Ceu Claro,Simples ,Rural ,Caminhão,Ileso       ,27.0,Masculino
447333,30/10/2008,RN,101,NATAL,Falta de atenção,Colisão traseira,Sem Vítimas        ,Plena noite,Ceu Claro,Múltipla,Urbano,Automóvel,Ileso       ,41.0,Masculino
447333,30/10/2008,RN,101,NATAL,Falta de atenção,Colisão traseira,Sem Vítimas        ,Plena noite,Ceu Claro,Múltipla,Urbano,Automóvel,Ileso       ,26.0,Feminino
447333,30/10/2008,RN,101,NATAL,Falta de atenção,Colisão traseira,Sem Vítimas        ,Plena noite,Ceu Claro,Múltipla,Urbano,Automóvel,Ileso       ,39.0,Feminino
447353,07/11/2008,RN,101,NATAL,Outras,Colisão Transversal,Sem Vítimas        ,Pleno dia,Sol,Múltipla,Urbano,Automóvel,Ileso       ,52.0,Masculino
447353,07/11/2008,RN,101,NATAL,Outras,Colisão Transversal,Sem Vítimas        ,Pleno dia,Sol,Múltipla,Urbano,Automóvel,Ileso       ,47.0,Feminino
447449,07/11/2008,RN,101,NATAL,Outras,Colisão traseira,Sem Vítimas        ,Pleno dia,Sol,Múltipla,Urbano,Automóvel,Ileso       ,59.0,Masculino
447449,07/11/2008,RN,101,NATAL,Outras,Colisão traseira,Sem Vítimas        ,Pleno dia,Sol,Múltipla,Urbano,Automóvel,Ileso       ,20.0,Masculino
447478,07/11/2008,RN,101,NATAL,Animais na Pista,Atropelamento de animal,Sem Vítimas        ,Anoitecer,Ceu Claro,Múltipla,Urbano,Automóvel,Ileso       ,51.0,Masculino
447509,07/11/2008,RN,101,NATAL,Outras,Colisão lateral,Sem Vítimas        ,Pleno dia,Ceu Claro,Simples ,Urbano,Ônibus,Ileso       ,40.0,Masculino
447509,07/11/2008,RN,101,NATAL,Outras,Colisão lateral,Sem Vítimas        ,Pleno dia,Ceu Claro,Simples ,Urbano,Automóvel,Ileso       ,20.0,Masculino
447591,07/11/2008,RN,101,PARNAMIRIM,Não guardar distância de segurança,Colisão traseira,Sem Vítimas        ,Plena noite,Ceu Claro,Dupla   ,Urbano,Caminhão,Ileso       ,36.0,Masculino
447591,07/11/2008,RN,101,PARNAMIRIM,Não guardar distância de segurança,Colisão traseira,Sem Vítimas        ,Plena noite,Ceu Claro,Dupla   ,Urbano,Motocicletas,Ileso       ,34.0,Masculino
447591,07/11/2008,RN,101,PARNAMIRIM,Não guardar distância de segurança,Colisão traseira,Sem Vítimas        ,Plena noite,Ceu Claro,Dupla   ,Urbano,Automóvel,Ileso       ,55.0,Masculino
447611,07/11/2008,RN,101,NATAL,Desobediência à sinalização,Colisão Transversal,Com Vítimas Feridas,Plena noite,Ceu Claro,Dupla   ,Urbano,Motocicletas,Ileso       ,27.0,Masculino
447611,07/11/2008,RN,101,NATAL,Desobediência à sinalização,Colisão Transversal,Com Vítimas Feridas,Plena noite,Ceu Claro,Dupla   ,Urbano,Motocicletas,Ferido Leve ,26.0,Feminino
447611,07/11/2008,RN,101,NATAL,Desobediência à sinalização,Colisão Transversal,Com Vítimas Feridas,Plena noite,Ceu Claro,Dupla   ,Urbano,Automóvel,Ileso       ,53.0,Feminino
447729,08/11/2008,RN,406,CEARA-MIRIM,Outras,Capotamento,Sem Vítimas        ,Pleno dia,Sol,Dupla   ,Rural ,Automóvel,Ileso       ,32.0,Masculino
447778,08/11/2008,RN,406,CEARA-MIRIM,Falta de atenção,Colisão Transversal,Com Vítimas Feridas,Pleno dia,Ceu Claro,Simples ,Urbano,Automóvel,Ileso       ,20.0,Masculino
447778,08/11/2008,RN,406,CEARA-MIRIM,Falta de atenção,Colisão Transversal,Com Vítimas Feridas,Pleno dia,Ceu Claro,Simples ,Urbano,Automóvel,Ferido Leve ,35.0,Feminino
447795,08/11/2008,RN,101,SAO JOSE DE MIPIBU,Não guardar distância de segurança,Colisão traseira,Sem Vítimas        ,Pleno dia,Sol,Simples ,Urbano,Caminhonete,Ileso       ,31.0,Masculino
447795,08/11/2008,RN,101,SAO JOSE DE MIPIBU,Não guardar distância de segurança,Colisão traseira,Sem Vítimas        ,Pleno dia,Sol,Simples ,Urbano,Automóvel,Ileso       ,39.0,Masculino
447820,08/11/2008,RN,304,MOSSORO,Outras,Colisão Transversal,Sem Vítimas        ,Pleno dia,Ceu Claro,Simples ,Rural ,Caminhão,Ileso       ,37.0,Masculino
447820,08/11/2008,RN,304,MOSSORO,Outras,Colisão Transversal,Sem Vítimas        ,Pleno dia,Ceu Claro,Simples ,Rural ,Camioneta,Ileso       ,28.0,Masculino
448027,08/11/2008,RN,101,SAO GONCALO DO AMARANTE,Falta de atenção,Colisão Transversal,Sem Vítimas        ,Plena noite,Ceu Claro,Dupla   ,Urbano,Motocicletas,Ileso       ,21.0,Masculino
448027,08/11/2008,RN,101,SAO GONCALO DO AMARANTE,Falta de atenção,Colisão Transversal,Sem Vítimas        ,Plena noite,Ceu Claro,Dupla   ,Urbano,Caminhonete,Ileso       ,44.0,Masculino
448032,08/11/2008,RN,304,MACAIBA,Falta de atenção,Colisão Transversal,Com Vítimas Feridas,Anoitecer,Ceu Claro,Simples ,Urbano,Motocicletas,Ferido Leve ,36.0,Masculino
448032,08/11/2008,RN,304,MACAIBA,Falta de atenção,Colisão Transversal,Com Vítimas Feridas,Anoitecer,Ceu Claro,Simples ,Urbano,Automóvel,Ileso       ,27.0,Masculino
448139,09/11/2008,RN,101,SAO JOSE DE MIPIBU,Dormindo,Capotamento,Com Vítimas Feridas,Pleno dia,Ceu Claro,Simples ,Rural ,Automóvel,Ferido Leve ,44.0,Masculino
448213,09/11/2008,RN,101,TOUROS,Falta de atenção,Colisão Transversal,Sem Vítimas        ,Pleno dia,Ceu Claro,Dupla   ,Rural ,Microônibus,Ileso       ,46.0,Masculino
448213,09/11/2008,RN,101,TOUROS,Falta de atenção,Colisão Transversal,Sem Vítimas        ,Pleno dia,Ceu Claro,Dupla   ,Rural ,Automóvel,Ileso       ,54.0,Masculino
448240,09/10/2008,RN,226,CURRAIS NOVOS,Dormindo,Saída de Pista,Com Vítimas Feridas,Plena noite,Ceu Claro,Simples ,Rural ,Automóvel,Ferido Grave,32.0,Masculino
448245,09/11/2008,RN,101,NATAL,Ultrapassagem indevida,Colisão lateral,Sem Vítimas        ,Anoitecer,Nublado,Dupla   ,Urbano,Automóvel,Ileso       ,33.0,Feminino
448245,09/11/2008,RN,101,NATAL,Ultrapassagem indevida,Colisão lateral,Sem Vítimas        ,Anoitecer,Nublado,Dupla   ,Urbano,Caminhonete,Ileso       ,47.0,Masculino
448245,09/11/2008,RN,101,NATAL,Ultrapassagem indevida,Colisão lateral,Sem Vítimas        ,Anoitecer,Nublado,Dupla   ,Urbano,Automóvel,Ileso       ,31.0,Masculino
448245,09/11/2008,RN,101,NATAL,Ultrapassagem indevida,Colisão lateral,Sem Vítimas        ,Anoitecer,Nublado,Dupla   ,Urbano,Automóvel,Ileso       ,64.0,Masculino
448290,02/11/2008,RN,101,PARNAMIRIM,Outras,Capotamento,Sem Vítimas        ,Amanhecer,Nublado,Dupla   ,Urbano,Automóvel,Ileso       ,21.0,Masculino
448300,01/11/2008,RN,304,MACAIBA,Outras,Colisão lateral,Sem Vítimas        ,Pleno dia,Ceu Claro,Dupla   ,Rural ,Automóvel,Ileso       ,54.0,Masculino
448300,01/11/2008,RN,304,MACAIBA,Outras,Colisão lateral,Sem Vítimas        ,Pleno dia,Ceu Claro,Dupla   ,Rural ,Automóvel,Ignorado    ,-1.0,Masculino
448307,05/11/2008,RN,101,PARNAMIRIM,Não guardar distância de segurança,Colisão traseira,Sem Vítimas        ,Pleno dia,Ceu Claro,Múltipla,Urbano,Automóvel,Ileso       ,50.0,Masculino
448307,05/11/2008,RN,101,PARNAMIRIM,Não guardar distância de segurança,Colisão traseira,Sem Vítimas        ,Pleno dia,Ceu Claro,Múltipla,Urbano,Automóvel,Ileso       ,21.0,Feminino
448308,01/11/2008,RN,101,NATAL,Falta de atenção,Colisão traseira,Sem Vítimas        ,Plena noite,Ceu Claro,Simples ,Urbano,Automóvel,Ileso       ,18.0,Masculino
448308,01/11/2008,RN,101,NATAL,Falta de atenção,Colisão traseira,Sem Vítimas        ,Plena noite,Ceu Claro,Simples ,Urbano,Automóvel,Ignorado    ,61.0,Masculino
448458,01/11/2008,RN,101,SAO GONCALO DO AMARANTE,Falta de atenção,Colisão com objeto fixo,Ignorado           ,Plena noite,Ceu Claro,Dupla   ,Urbano,Automóvel,Ignorado    ,-1.0,Masculino
448496,09/11/2008,RN,226,SANTA CRUZ,Outras,Colisão frontal,Com Vítimas Feridas,Plena noite,Ceu Claro,Simples ,Urbano,Motocicletas,Ferido Grave,-1.0,Masculino
448496,09/11/2008,RN,226,SANTA CRUZ,Outras,Colisão frontal,Com Vítimas Feridas,Plena noite,Ceu Claro,Simples ,Urbano,Automóvel,Ferido Leve ,24.0,Masculino
448496,09/11/2008,RN,226,SANTA CRUZ,Outras,Colisão frontal,Com Vítimas Feridas,Plena noite,Ceu Claro,Simples ,Urbano,Automóvel,Ferido Leve ,-1.0,Masculino
448496,09/11/2008,RN,226,SANTA CRUZ,Outras,Colisão frontal,Com Vítimas Feridas,Plena noite,Ceu Claro,Simples ,Urbano,Automóvel,Ferido Leve ,30.0,Masculino
448515,07/11/2008,RN,101,NATAL,Falta de atenção,Colisão traseira,Sem Vítimas        ,Pleno dia,Ceu Claro,Dupla   ,Urbano,Automóvel,Ileso       ,29.0,Masculino
448515,07/11/2008,RN,101,NATAL,Falta de atenção,Colisão traseira,Sem Vítimas        ,Pleno dia,Ceu Claro,Dupla   ,Urbano,Automóvel,Ileso       ,25.0,Masculino
448530,07/11/2008,RN,101,PARNAMIRIM,Falta de atenção,Colisão traseira,Sem Vítimas        ,Plena noite,Ceu Claro,Dupla   ,Urbano,Automóvel,Ileso       ,40.0,Masculino
448530,07/11/2008,RN,101,PARNAMIRIM,Falta de atenção,Colisão traseira,Sem Vítimas        ,Plena noite,Ceu Claro,Dupla   ,Urbano,Ônibus,Ileso       ,36.0,Masculino
448581,10/11/2008,RN,226,TRIUNFO POTIGUAR,Velocidade incompatível,Tombamento,Com Vítimas Feridas,Pleno dia,Ceu Claro,Simples ,Rural ,Caminhão-Trator,Ferido Grave,50.0,Masculino
448592,09/11/2008,RN,101,PARNAMIRIM,Não guardar distância de segurança,Colisão traseira,Com Vítimas Feridas,Pleno dia,Sol,Dupla   ,Urbano,Ônibus,Ileso       ,28.0,Masculino
448592,09/11/2008,RN,101,PARNAMIRIM,Não guardar distância de segurança,Colisão traseira,Com Vítimas Feridas,Pleno dia,Sol,Dupla   ,Urbano,Motocicletas,Ferido Leve ,18.0,Masculino
448608,10/11/2008,RN,101,SAO GONCALO DO AMARANTE,Não guardar distância de segurança,Colisão lateral,Sem Vítimas        ,Pleno dia,Ceu Claro,Dupla   ,Urbano,Automóvel,Ileso       ,48.0,Masculino
448608,10/11/2008,RN,101,SAO GONCALO DO AMARANTE,Não guardar distância de segurança,Colisão lateral,Sem Vítimas        ,Pleno dia,Ceu Claro,Dupla   ,Urbano,Camioneta,Ileso       ,51.0,Masculino
448642,08/11/2008,RN,101,SAO JOSE DE MIPIBU,Ultrapassagem indevida,Capotamento,Com Vítimas Feridas,Amanhecer,Ceu Claro,Simples ,Rural ,Automóvel,Ferido Leve ,30.0,Feminino
448642,08/11/2008,RN,101,SAO JOSE DE MIPIBU,Ultrapassagem indevida,Capotamento,Com Vítimas Feridas,Amanhecer,Ceu Claro,Simples ,Rural ,Automóvel,Ferido Leve ,19.0,Masculino
448642,08/11/2008,RN,101,SAO JOSE DE MIPIBU,Ultrapassagem indevida,Capotamento,Com Vítimas Feridas,Amanhecer,Ceu Claro,Simples ,Rural ,Automóvel,Ferido Leve ,36.0,Feminino
448643,07/11/2008,RN,101,NATAL,Outras,Colisão lateral,Sem Vítimas        ,Pleno dia,Ceu Claro,Dupla   ,Urbano,Ônibus,Ileso       ,54.0,Masculino
448643,07/11/2008,RN,101,NATAL,Outras,Colisão lateral,Sem Vítimas        ,Pleno dia,Ceu Claro,Dupla   ,Urbano,Automóvel,Ileso       ,33.0,Masculino
448649,18/04/2008,RN,304,MACAIBA,Outras,Tombamento,Com Vítimas Feridas,Pleno dia,Chuva,Simples ,Rural ,Microônibus,Ferido Leve ,42.0,Masculino
448649,18/04/2008,RN,304,MACAIBA,Outras,Tombamento,Com Vítimas Feridas,Pleno dia,Chuva,Simples ,Rural ,Microônibus,Ferido Leve ,30.0,Feminino
448649,18/04/2008,RN,304,MACAIBA,Outras,Tombamento,Com Vítimas Feridas,Pleno dia,Chuva,Simples ,Rural ,Microônibus,Ferido Grave,36.0,Masculino
448649,18/04/2008,RN,304,MACAIBA,Outras,Tombamento,Com Vítimas Feridas,Pleno dia,Chuva,Simples ,Rural ,Microônibus,Ferido Leve ,35.0,Feminino
448649,18/04/2008,RN,304,MACAIBA,Outras,Tombamento,Com Vítimas Feridas,Pleno dia,Chuva,Simples ,Rural ,Microônibus,Ferido Leve ,-1.0,Masculino
448649,18/04/2008,RN,304,MACAIBA,Outras,Tombamento,Com Vítimas Feridas,Pleno dia,Chuva,Simples ,Rural ,Microônibus,Ferido Leve ,-1.0,Feminino
448649,18/04/2008,RN,304,MACAIBA,Outras,Tombamento,Com Vítimas Feridas,Pleno dia,Chuva,Simples ,Rural ,Microônibus,Ferido Grave,43.0,Masculino
448679,10/11/2008,RN,101,PARNAMIRIM,Não guardar distância de segurança,Colisão com bicicleta,Com Vítimas Fatais ,Pleno dia,Sol,Dupla   ,Urbano,Caminhão,Ileso       ,32.0,Masculino
448679,10/11/2008,RN,101,PARNAMIRIM,Não guardar distância de segurança,Colisão com bicicleta,Com Vítimas Fatais ,Pleno dia,Sol,Dupla   ,Urbano,Bicicleta,Morto       ,18.0,Feminino
448690,10/11/2008,RN,405,ITAU,Outras,Colisão lateral,Com Vítimas Fatais ,Pleno dia,Sol,Simples ,Urbano,Caminhão-Trator,Ileso       ,42.0,Masculino
448690,10/11/2008,RN,405,ITAU,Outras,Colisão lateral,Com Vítimas Fatais ,Pleno dia,Sol,Simples ,Urbano,Motocicletas,Ferido Leve ,46.0,Masculino
448690,10/11/2008,RN,405,ITAU,Outras,Colisão lateral,Com Vítimas Fatais ,Pleno dia,Sol,Simples ,Urbano,Motocicletas,Morto       ,27.0,Feminino
448828,01/11/2008,RN,101,NATAL,Ingestão de álcool,Colisão Transversal,Com Vítimas Feridas,Anoitecer,Ceu Claro,Dupla   ,Urbano,Automóvel,Ileso       ,25.0,Masculino
448828,01/11/2008,RN,101,NATAL,Ingestão de álcool,Colisão Transversal,Com Vítimas Feridas,Anoitecer,Ceu Claro,Dupla   ,Urbano,Motocicletas,Ferido Leve ,38.0,Masculino
448947,07/11/2008,RN,304,ANGICOS,Ultrapassagem indevida,Colisão frontal,Sem Vítimas        ,Plena noite,Ceu Claro,Simples ,Rural ,Automóvel,Ileso       ,45.0,Masculino
448947,07/11/2008,RN,304,ANGICOS,Ultrapassagem indevida,Colisão frontal,Sem Vítimas        ,Plena noite,Ceu Claro,Simples ,Rural ,Caminhão-Trator,Ileso       ,37.0,Masculino
448958,08/11/2008,RN,101,NATAL,Falta de atenção,Colisão Transversal,Sem Vítimas        ,Pleno dia,Ceu Claro,Múltipla,Urbano,Automóvel,Ileso       ,64.0,Masculino
448958,08/11/2008,RN,101,NATAL,Falta de atenção,Colisão Transversal,Sem Vítimas        ,Pleno dia,Ceu Claro,Múltipla,Urbano,Automóvel,Ileso       ,43.0,Masculino
448982,08/11/2008,RN,101,NATAL,Velocidade incompatível,Colisão traseira,Com Vítimas Feridas,Plena noite,Ceu Claro,Dupla   ,Urbano,Automóvel,Ferido Leve ,33.0,Masculino
448982,08/11/2008,RN,101,NATAL,Velocidade incompatível,Colisão traseira,Com Vítimas Feridas,Plena noite,Ceu Claro,Dupla   ,Urbano,Automóvel,Ileso       ,52.0,Masculino
449019,26/08/2008,RN,304,PARNAMIRIM,Falta de atenção,Colisão lateral,Com Vítimas Feridas,Pleno dia,Chuva,Dupla   ,Rural ,Automóvel,Ileso       ,41.0,Masculino
449019,26/08/2008,RN,304,PARNAMIRIM,Falta de atenção,Colisão lateral,Com Vítimas Feridas,Pleno dia,Chuva,Dupla   ,Rural ,Motocicletas,Ferido Grave,26.0,Masculino
449031,11/11/2008,RN,110,MOSSORO,Outras,Colisão Transversal,Com Vítimas Feridas,Pleno dia,Ceu Claro,Simples ,Urbano,Motocicletas,Ferido Leve ,39.0,Masculino
449031,11/11/2008,RN,110,MOSSORO,Outras,Colisão Transversal,Com Vítimas Feridas,Pleno dia,Ceu Claro,Simples ,Urbano,Motocicletas,Ferido Leve ,58.0,Masculino