id,data_inversa,uf,br,municipio,causa_acidente,tipo_acidente,classificacao_acidente,fase_dia,condicao_metereologica,tipo_pista,uso_solo,tipo_veiculo,estado_fisico,idade,sexo
449091,07/11/2008,RN,101,NATAL,Falta de atenção,Colisão traseira,Sem Vítimas        ,Plena noite,Ceu Claro,Múltipla,Urbano,Automóvel,Ileso       ,38.0,Masculino
449091,07/11/2008,RN,101,NATAL,Falta de atenção,Colisão traseira,Sem Vítimas        ,Plena noite,Ceu Claro,Múltipla,Urbano,Automóvel,Ileso       ,21.0,Masculino
449153,07/11/2008,RN,406,JOAO CAMARA,Não guardar distância de segurança,Colisão Transversal,Com Vítimas Feridas,Pleno dia,Ceu Claro,Simples ,Urbano,Caminhão,Ileso       ,51.0,Masculino
449153,07/11/2008,RN,406,JOAO CAMARA,Não guardar distância de segurança,Colisão Transversal,Com Vítimas Feridas,Pleno dia,Ceu Claro,Simples ,Urbano,Motocicletas,Ferido Leve ,21.0,Masculino
449157,08/11/2008,RN,406,CEARA-MIRIM,Ultrapassagem indevida,Colisão frontal,Com Vítimas Feridas,Amanhecer,Ceu Claro,Simples ,Rural ,Camioneta,Ferido Grave,74.0,Masculino
449157,08/11/2008,RN,406,CEARA-MIRIM,Ultrapassagem indevida,Colisão frontal,Com Vítimas Feridas,Amanhecer,Ceu Claro,Simples ,Rural ,Automóvel,Ferido Grave,-1.0,Masculino
449157,08/11/2008,RN,406,CEARA-MIRIM,Ultrapassagem indevida,Colisão frontal,Com Vítimas Feridas,Amanhecer,Ceu Claro,Simples ,Rural ,Camioneta,Ferido Leve ,24.0,Masculino
449157,08/11/2008,RN,406,CEARA-MIRIM,Ultrapassagem indevida,Colisão frontal,Com Vítimas Feridas,Amanhecer,Ceu Claro,Simples ,Rural ,Camioneta,Ferido Leve ,21.0,Masculino
449163,11/11/2008,RN,304,MACAIBA,Outras,Atropelamento de pessoa,Com Vítimas Feridas,Pleno dia,Ceu Claro,Simples ,Rural ,Automóvel,Ileso       ,-1.0,Inválido
449163,11/11/2008,RN,304,MACAIBA,Outras,Atropelamento de pessoa,Com Vítimas Feridas,Pleno dia,Ceu Claro,Simples ,Rural ,(null),Ferido Leve ,76.0,Masculino
449205,08/11/2008,RN,304,CAICARA DO RIO DO VENTO,Velocidade incompatível,Capotamento,Com Vítimas Fatais ,Plena noite,Ceu Claro,Simples ,Urbano,Caminhonete,Morto       ,24.0,Masculino
449205,08/11/2008,RN,304,CAICARA DO RIO DO VENTO,Velocidade incompatível,Capotamento,Com Vítimas Fatais ,Plena noite,Ceu Claro,Simples ,Urbano,Caminhonete,Morto       ,25.0,Masculino
449205,08/11/2008,RN,304,CAICARA DO RIO DO VENTO,Velocidade incompatível,Capotamento,Com Vítimas Fatais ,Plena noite,Ceu Claro,Simples ,Urbano,Caminhonete,Ferido Leve ,-1.0,Masculino
449205,08/11/2008,RN,304,CAICARA DO RIO DO VENTO,Velocidade incompatível,Capotamento,Com Vítimas Fatais ,Plena noite,Ceu Claro,Simples ,Urbano,Caminhonete,Ferido Leve ,-1.0,Masculino
449205,08/11/2008,RN,304,CAICARA DO RIO DO VENTO,Velocidade incompatível,Capotamento,Com Vítimas Fatais ,Plena noite,Ceu Claro,Simples ,Urbano,Caminhonete,Ferido Leve ,-1.0,Masculino
449306,11/11/2008,RN,101,SAO GONCALO DO AMARANTE,Animais na Pista,Colisão traseira,Sem Vítimas        ,Anoitecer,Ceu Claro,Dupla   ,Urbano,Automóvel,Ileso       ,47.0,Masculino
449306,11/11/2008,RN,101,SAO GONCALO DO AMARANTE,Animais na Pista,Colisão traseira,Sem Vítimas        ,Anoitecer,Ceu Claro,Dupla   ,Urbano,Automóvel,Ileso       ,59.0,Masculino
449330,11/11/2008,RN,101,NATAL,Não guardar distância de segurança,Colisão traseira,Sem Vítimas        ,Plena noite,Ceu Claro,Múltipla,Urbano,Motocicletas,Ileso       ,29.0,Masculino
449330,11/11/2008,RN,101,NATAL,Não guardar distância de segurança,Colisão traseira,Sem Vítimas        ,Plena noite,Ceu Claro,Múltipla,Urbano,Automóvel,Ileso       ,20.0,Masculino
449413,08/11/2008,RN,101,SAO JOSE DE MIPIBU,Não guardar distância de segurança,Colisão traseira,Sem Vítimas        ,Pleno dia,Ceu Claro,Simples ,Rural ,Camioneta,Ileso       ,30.0,Masculino
449413,08/11/2008,RN,101,SAO JOSE DE MIPIBU,Não guardar distância de segurança,Colisão traseira,Sem Vítimas        ,Pleno dia,Ceu Claro,Simples ,Rural ,Automóvel,Ileso       ,24.0,Masculino
449413,08/11/2008,RN,101,SAO JOSE DE MIPIBU,Não guardar distância de segurança,Colisão traseira,Sem Vítimas        ,Pleno dia,Ceu Claro,Simples ,Rural ,Automóvel,Ignorado    ,-1.0,Inválido
449416,07/11/2008,RN,101,PARNAMIRIM,Falta de atenção,Colisão frontal,Sem Vítimas        ,Pleno dia,Ceu Claro,Dupla   ,Urbano,Caminhonete,Ileso       ,28.0,Masculino
449416,07/11/2008,RN,101,PARNAMIRIM,Falta de atenção,Colisão frontal,Sem Vítimas        ,Pleno dia,Ceu Claro,Dupla   ,Urbano,Motocicletas,Ileso       ,-1.0,Masculino
449465,12/09/2008,RN,101,MAXARANGUAPE,Outras,Saída de Pista,Com Vítimas Feridas,Pleno dia,Ceu Claro,Simples ,Rural ,Caminhonete,Ferido Leve ,-1.0,Masculino
449465,12/09/2008,RN,101,MAXARANGUAPE,Outras,Saída de Pista,Com Vítimas Feridas,Pleno dia,Ceu Claro,Simples ,Rural ,Caminhonete,Ferido Leve ,-1.0,Feminino
449465,12/09/2008,RN,101,MAXARANGUAPE,Outras,Saída de Pista,Com Vítimas Feridas,Pleno dia,Ceu Claro,Simples ,Rural ,Caminhonete,Ferido Leve ,-1.0,Masculino
449570,10/11/2008,RN,101,PARNAMIRIM,Não guardar distância de segurança,Colisão traseira,Sem Vítimas        ,Pleno dia,Sol,Dupla   ,Urbano,Automóvel,Ileso       ,25.0,Masculino
449570,10/11/2008,RN,101,PARNAMIRIM,Não guardar distância de segurança,Colisão traseira,Sem Vítimas        ,Pleno dia,Sol,Dupla   ,Urbano,Automóvel,Ileso       ,42.0,Masculino
449653,12/11/2008,RN,226,TANGARA,Defeito mecânico em veículo,Capotamento,Com Vítimas Feridas,Pleno dia,Ceu Claro,Simples ,Rural ,Automóvel,Ferido Leve ,33.0,Masculino
449653,12/11/2008,RN,226,TANGARA,Defeito mecânico em veículo,Capotamento,Com Vítimas Feridas,Pleno dia,Ceu Claro,Simples ,Rural ,Automóvel,Ferido Grave,77.0,Feminino
449720,08/11/2008,RN,101,NATAL,Não guardar distância de segurança,Colisão lateral,Sem Vítimas        ,Plena noite,Ceu Claro,Dupla   ,Urbano,Caminhonete,Ileso       ,40.0,Masculino
449720,08/11/2008,RN,101,NATAL,Não guardar distância de segurança,Colisão lateral,Sem Vítimas        ,Plena noite,Ceu Claro,Dupla   ,Urbano,Automóvel,Ileso       ,33.0,Masculino
449751,08/11/2008,RN,101,PARNAMIRIM,Não guardar distância de segurança,Colisão traseira,Sem Vítimas        ,Plena noite,Ceu Claro,Dupla   ,Urbano,Automóvel,Ileso       ,46.0,Masculino
449751,08/11/2008,RN,101,PARNAMIRIM,Não guardar distância de segurança,Colisão traseira,Sem Vítimas        ,Plena noite,Ceu Claro,Dupla   ,Urbano,Automóvel,Ileso       ,22.0,Masculino
449830,12/11/2008,RN,101,SAO JOSE DE MIPIBU,Falta de atenção,Colisão traseira,Sem Vítimas        ,Plena noite,Ceu Claro,Simples ,Rural ,Camioneta,Ileso       ,46.0,Masculino
449830,12/11/2008,RN,101,SAO JOSE DE MIPIBU,Falta de atenção,Colisão traseira,Sem Vítimas        ,Plena noite,Ceu Claro,Simples ,Rural ,Automóvel,Ileso       ,47.0,Masculino
449830,12/11/2008,RN,101,SAO JOSE DE MIPIBU,Falta de atenção,Colisão traseira,Sem Vítimas        ,Plena noite,Ceu Claro,Simples ,Rural ,Automóvel,Ignorado    ,-1.0,Inválido
449866,13/11/2008,RN,304,MOSSORO,Falta de atenção,Colisão traseira,Sem Vítimas        ,Pleno dia,Ceu Claro,Simples ,Urbano,Automóvel,Ileso       ,55.0,Masculino
449866,13/11/2008,RN,304,MOSSORO,Falta de atenção,Colisão traseira,Sem Vítimas        ,Pleno dia,Ceu Claro,Simples ,Urbano,Automóvel,Ileso       ,52.0,Masculino
449876,13/11/2008,RN,101,PARNAMIRIM,Outras,Capotamento,Sem Vítimas        ,Pleno dia,Chuva,Dupla   ,Urbano,Automóvel,Ileso       ,-1.0,Masculino
449895,05/10/2008,RN,101,NATAL,Falta de atenção,Colisão traseira,Sem Vítimas        ,Plena noite,Ceu Claro,Dupla   ,Urbano,Automóvel,Ileso       ,37.0,Masculino
449895,05/10/2008,RN,101,NATAL,Falta de atenção,Colisão traseira,Sem Vítimas        ,Plena noite,Ceu Claro,Dupla   ,Urbano,Automóvel,Ileso       ,27.0,Feminino
449895,05/10/2008,RN,101,NATAL,Falta de atenção,Colisão traseira,Sem Vítimas        ,Plena noite,Ceu Claro,Dupla   ,Urbano,Camioneta,Ileso       ,46.0,Masculino
449918,05/11/2008,RN,101,PARNAMIRIM,Não guardar distância de segurança,Colisão traseira,Sem Vítimas        ,Pleno dia,Ceu Claro,Dupla   ,Urbano,Automóvel,Ileso       ,46.0,Masculino
449918,05/11/2008,RN,101,PARNAMIRIM,Não guardar distância de segurança,Colisão traseira,Sem Vítimas        ,Pleno dia,Ceu Claro,Dupla   ,Urbano,Automóvel,Ileso       ,25.0,Masculino
449937,13/11/2008,RN,101,SAO GONCALO DO AMARANTE,Defeito mecânico em veículo,Colisão traseira,Sem Vítimas        ,Plena noite,Nublado,Dupla   ,Urbano,Automóvel,Ileso       ,39.0,Masculino
449937,13/11/2008,RN,101,SAO GONCALO DO AMARANTE,Defeito mecânico em veículo,Colisão traseira,Sem Vítimas        ,Plena noite,Nublado,Dupla   ,Urbano,Automóvel,Ileso       ,53.0,Masculino
449937,13/11/2008,RN,101,SAO GONCALO DO AMARANTE,Defeito mecânico em veículo,Colisão traseira,Sem Vítimas        ,Plena noite,Nublado,Dupla   ,Urbano,Caminhão,Ileso       ,21.0,Masculino
449943,05/11/2008,RN,101,ARES,Outras,Danos Eventuais,Sem Vítimas        ,Pleno dia,Ceu Claro,Simples ,Rural ,Caminhão,Ileso       ,41.0,Masculino
449943,05/11/2008,RN,101,ARES,Outras,Danos Eventuais,Sem Vítimas        ,Pleno dia,Ceu Claro,Simples ,Rural ,Caminhonete,Ileso       ,67.0,Masculino
449950,10/11/2008,RN,101,SAO GONCALO DO AMARANTE,Falta de atenção,Colisão lateral,Com Vítimas Feridas,Pleno dia,Ceu Claro,Dupla   ,Urbano,Ônibus,Ileso       ,35.0,Masculino
449950,10/11/2008,RN,101,SAO GONCALO DO AMARANTE,Falta de atenção,Colisão lateral,Com Vítimas Feridas,Pleno dia,Ceu Claro,Dupla   ,Urbano,Motocicletas,Ferido Grave,-1.0,Feminino
449950,10/11/2008,RN,101,SAO GONCALO DO AMARANTE,Falta de atenção,Colisão lateral,Com Vítimas Feridas,Pleno dia,Ceu Claro,Dupla   ,Urbano,Motocicletas,Ferido Leve ,26.0,Masculino
449950,10/11/2008,RN,101,SAO GONCALO DO AMARANTE,Falta de atenção,Colisão lateral,Com Vítimas Feridas,Pleno dia,Ceu Claro,Dupla   ,Urbano,Automóvel,Ileso       ,27.0,Feminino
449950,10/11/2008,RN,101,SAO GONCALO DO AMARANTE,Falta de atenção,Colisão lateral,Com Vítimas Feridas,Pleno dia,Ceu Claro,Dupla   ,Urbano,Automóvel,Ileso       ,26.0,Masculino
449950,10/11/2008,RN,101,SAO GONCALO DO AMARANTE,Falta de atenção,Colisão lateral,Com Vítimas Feridas,Pleno dia,Ceu Claro,Dupla   ,Urbano,Automóvel,Ileso       ,48.0,Masculino
449964,07/11/2008,RN,101,CANGUARETAMA,Defeito na via,Saída de Pista,Com Vítimas Feridas,Plena noite,Ceu Claro,Simples ,Urbano,Automóvel,Ileso       ,22.0,Masculino
449964,07/11/2008,RN,101,CANGUARETAMA,Defeito na via,Saída de Pista,Com Vítimas Feridas,Plena noite,Ceu Claro,Simples ,Urbano,Automóvel,Ferido Grave,45.0,Feminino
449964,07/11/2008,RN,101,CANGUARETAMA,Defeito na via,Saída de Pista,Com Vítimas Feridas,Plena noite,Ceu Claro,Simples ,Urbano,Automóvel,Ferido Leve ,27.0,Feminino
449964,07/11/2008,RN,101,CANGUARETAMA,Defeito na via,Saída de Pista,Com Vítimas Feridas,Plena noite,Ceu Claro,Simples ,Urbano,Caminhão,Ferido Grave,35.0,Masculino
450122,13/11/2008,RN,101,GOIANINHA,Falta de atenção,Colisão lateral,Sem Vítimas        ,Pleno dia,Ceu Claro,Simples ,Urbano,Ônibus,Ileso       ,36.0,Masculino
450122,13/11/2008,RN,101,GOIANINHA,Falta de atenção,Colisão lateral,Sem Vítimas        ,Pleno dia,Ceu Claro,Simples ,Urbano,Camioneta,Ileso       ,35.0,Masculino
450145,13/11/2008,RN,101,PARNAMIRIM,Outras,Colisão com objeto fixo,Com Vítimas Feridas,Plena noite,Ceu Claro,Dupla   ,Urbano,Automóvel,Ferido Leve ,35.0,Masculino
450145,13/11/2008,RN,101,PARNAMIRIM,Outras,Colisão com objeto fixo,Com Vítimas Feridas,Plena noite,Ceu Claro,Dupla   ,Urbano,Não identificado,Ignorado    ,-1.0,Inválido
450283,14/11/2008,RN,101,PARNAMIRIM,Dormindo,Colisão com objeto fixo,Com Vítimas Feridas,Plena noite,Ceu Claro,Múltipla,Urbano,Camioneta,Ferido Leve ,48.0,Masculino
450318,14/11/2008,RN,101,SAO JOSE DE MIPIBU,Falta de atenção,Colisão lateral,Com Vítimas Feridas,Pleno dia,Ceu Claro,Simples ,Rural ,Motocicletas,Ferido Grave,38.0,Masculino
450318,14/11/2008,RN,101,SAO JOSE DE MIPIBU,Falta de atenção,Colisão lateral,Com Vítimas Feridas,Pleno dia,Ceu Claro,Simples ,Rural ,Automóvel,Ignorado    ,-1.0,Inválido
450364,11/11/2008,RN,304,PARNAMIRIM,Outras,Colisão Transversal,Com Vítimas Feridas,Pleno dia,Ceu Claro,Dupla   ,Urbano,Motocicletas,Ferido Leve ,19.0,Masculino
450364,11/11/2008,RN,304,PARNAMIRIM,Outras,Colisão Transversal,Com Vítimas Feridas,Pleno dia,Ceu Claro,Dupla   ,Urbano,Automóvel,Ileso       ,34.0,Masculino
450383,03/09/2008,RN,101,PARNAMIRIM,Desobediência à sinalização,Colisão Transversal,Com Vítimas Feridas,Pleno dia,Ceu Claro,Dupla   ,Urbano,Caminhão,Ileso       ,36.0,Masculino
450383,03/09/2008,RN,101,PARNAMIRIM,Desobediência à sinalização,Colisão Transversal,Com Vítimas Feridas,Pleno dia,Ceu Claro,Dupla   ,Urbano,Motocicletas,Ileso       ,24.0,Masculino
450383,03/09/2008,RN,101,PARNAMIRIM,Desobediência à sinalização,Colisão Transversal,Com Vítimas Feridas,Pleno dia,Ceu Claro,Dupla   ,Urbano,Bicicleta,Ferido Leve ,26.0,Feminino
450466,14/11/2008,RN,101,NATAL,Falta de atenção,Colisão traseira,Sem Vítimas        ,Pleno dia,Sol,Dupla   ,Urbano,Automóvel,Ileso       ,-1.0,Masculino
450466,14/11/2008,RN,101,NATAL,Falta de atenção,Colisão traseira,Sem Vítimas        ,Pleno dia,Sol,Dupla   ,Urbano,Automóvel,Ileso       ,24.0,Masculino
450498,14/11/2008,RN,101,NATAL,Outras,Colisão traseira,Sem Vítimas        ,Pleno dia,Sol,Dupla   ,Urbano,Caminhonete,Ileso       ,51.0,Masculino
450498,14/11/2008,RN,101,NATAL,Outras,Colisão traseira,Sem Vítimas        ,Pleno dia,Sol,Dupla   ,Urbano,Camioneta,Ileso       ,30.0,Feminino
450498,14/11/2008,RN,101,NATAL,Outras,Colisão traseira,Sem Vítimas        ,Pleno dia,Sol,Dupla   ,Urbano,Caminhonete,Ileso       ,30.0,Masculino
450520,14/11/2008,RN,101,PARNAMIRIM,Falta de atenção,Colisão traseira,Sem Vítimas        ,Pleno dia,Ceu Claro,Dupla   ,Urbano,Caminhonete,Ileso       ,32.0,Masculino
450520,14/11/2008,RN,101,PARNAMIRIM,Falta de atenção,Colisão traseira,Sem Vítimas        ,Pleno dia,Ceu Claro,Dupla   ,Urbano,Automóvel,Ileso       ,32.0,Masculino
450625,14/11/2008,RN,101,PARNAMIRIM,Outras,Colisão Transversal,Sem Vítimas        ,Anoitecer,Ceu Claro,Simples ,Urbano,Automóvel,Ileso       ,25.0,Masculino
450625,14/11/2008,RN,101,PARNAMIRIM,Outras,Colisão Transversal,Sem Vítimas        ,Anoitecer,Ceu Claro,Simples ,Urbano,Automóvel,Ileso       ,50.0,Masculino
450782,14/11/2008,RN,304,MACAIBA,Ultrapassagem indevida,Colisão frontal,Com Vítimas Feridas,Pleno dia,Ceu Claro,Simples ,Rural ,Automóvel,Ileso       ,-1.0,Inválido
450782,14/11/2008,RN,304,MACAIBA,Ultrapassagem indevida,Colisão frontal,Com Vítimas Feridas,Pleno dia,Ceu Claro,Simples ,Rural ,Automóvel,Ferido Leve ,36.0,Masculino
450784,14/11/2008,RN,101,PARNAMIRIM,Não guardar distância de segurança,Colisão traseira,Sem Vítimas        ,Pleno dia,Ceu Claro,Dupla   ,Urbano,Automóvel,Ileso       ,37.0,Feminino
450784,14/11/2008,RN,101,PARNAMIRIM,Não guardar distância de segurança,Colisão traseira,Sem Vítimas        ,Pleno dia,Ceu Claro,Dupla   ,Urbano,Automóvel,Ileso       ,58.0,Masculino
450786,14/11/2008,RN,101,PARNAMIRIM,Não guardar distância de segurança,Colisão traseira,Sem Vítimas        ,Pleno dia,Ceu Claro,Dupla   ,Urbano,Automóvel,Ileso       ,-1.0,Masculino
450786,14/11/2008,RN,101,PARNAMIRIM,Não guardar distância de segurança,Colisão traseira,Sem Vítimas        ,Pleno dia,Ceu Claro,Dupla   ,Urbano,Caminhonete,Ileso       ,28.0,Masculino
450786,14/11/2008,RN,101,PARNAMIRIM,Não guardar distância de segurança,Colisão traseira,Sem Vítimas        ,Pleno dia,Ceu Claro,Dupla   ,Urbano,Automóvel,Ileso       ,19.0,Masculino
450837,08/11/2008,RN,101,PARNAMIRIM,Desobediência à sinalização,Colisão Transversal,Sem Vítimas        ,Amanhecer,Ceu Claro,Dupla   ,Urbano,Camioneta,Ileso       ,52.0,Masculino
450837,08/11/2008,RN,101,PARNAMIRIM,Desobediência à sinalização,Colisão Transversal,Sem Vítimas        ,Amanhecer,Ceu Claro,Dupla   ,Urbano,Automóvel,Ignorado    ,-1.0,Feminino
450867,12/11/2008,RN,226,MACAIBA,Outras,Colisão traseira,Com Vítimas Fatais ,Pleno dia,Ceu Claro,Simples ,Urbano,Ciclomotor,Morto       ,67.0,Masculino
450867,12/11/2008,RN,226,MACAIBA,Outras,Colisão traseira,Com Vítimas Fatais ,Pleno dia,Ceu Claro,Simples ,Urbano,Ônibus,Ileso       ,43.0,Masculino
450937,11/11/2008,RN,101,NATAL,Falta de atenção,Colisão traseira,Sem Vítimas        ,Pleno dia,Ceu Claro,Simples ,Urbano,Automóvel,Ileso       ,53.0,Masculino
450937,11/11/2008,RN,101,NATAL,Falta de atenção,Colisão traseira,Sem Vítimas        ,Pleno dia,Ceu Claro,Simples ,Urbano,Automóvel,Ileso       ,25.0,Masculino
450952,15/11/2008,RN,101,NATAL,Falta de atenção,Colisão lateral,Com Vítimas Feridas,Pleno dia,Ceu Claro,Dupla   ,Urbano,Bicicleta,Ferido Leve ,18.0,Masculino
450952,15/11/2008,RN,101,NATAL,Falta de atenção,Colisão lateral,Com Vítimas Feridas,Pleno dia,Ceu Claro,Dupla   ,Urbano,Motocicletas,Ferido Leve ,34.0,Masculino
450994,15/11/2008,RN,304,MACAIBA,Animais na Pista,Atropelamento de animal,Sem Vítimas        ,Anoitecer,Ceu Claro,Simples ,Urbano,Automóvel,Ileso       ,45.0,Masculino
451100,15/11/2008,RN,101,NATAL,Falta de atenção,Colisão traseira,Com Vítimas Feridas,Plena noite,Ceu Claro,Múltipla,Urbano,Automóvel,Ileso       ,21.0,Feminino
451100,15/11/2008,RN,101,NATAL,Falta de atenção,Colisão traseira,Com Vítimas Feridas,Plena noite,Ceu Claro,Múltipla,Urbano,Motocicletas,Ferido Leve ,35.0,Masculino
451276,12/11/2008,RN,101,NATAL,Não guardar distância de segurança,Colisão traseira,Sem Vítimas        ,Pleno dia,Ceu Claro,Dupla   ,Urbano,Automóvel,Ileso       ,21.0,Masculino
451276,12/11/2008,RN,101,NATAL,Não guardar distância de segurança,Colisão traseira,Sem Vítimas        ,Pleno dia,Ceu Claro,Dupla   ,Urbano,Automóvel,Ileso       ,57.0,Masculino
451278,14/11/2008,RN,101,PARNAMIRIM,Falta de atenção,Colisão lateral,Sem Vítimas        ,Plena noite,Ceu Claro,Dupla   ,Urbano,Automóvel,Ileso       ,23.0,Masculino
451278,14/11/2008,RN,101,PARNAMIRIM,Falta de atenção,Colisão lateral,Sem Vítimas        ,Plena noite,Ceu Claro,Dupla   ,Urbano,Automóvel,Ileso       ,41.0,Feminino
451351,16/11/2008,RN,304,MOSSORO,Outras,Colisão traseira,Com Vítimas Feridas,Anoitecer,Ignorada,Simples ,Urbano,Automóvel,Ileso       ,71.0,Masculino
451351,16/11/2008,RN,304,MOSSORO,Outras,Colisão traseira,Com Vítimas Feridas,Anoitecer,Ignorada,Simples ,Urbano,Motocicletas,Ferido Leve ,34.0,Masculino
451411,16/11/2008,RN,304,MOSSORO,Falta de atenção,Capotamento,Com Vítimas Feridas,Plena noite,Ceu Claro,Simples ,Rural ,Camioneta,Ferido Grave,37.0,Masculino
451413,16/11/2008,RN,101,PARNAMIRIM,Falta de atenção,Colisão Transversal,Com Vítimas Feridas,Pleno dia,Ceu Claro,Dupla   ,Urbano,Automóvel,Ileso       ,-1.0,Masculino
451413,16/11/2008,RN,101,PARNAMIRIM,Falta de atenção,Colisão Transversal,Com Vítimas Feridas,Pleno dia,Ceu Claro,Dupla   ,Urbano,Bicicleta,Ferido Leve ,-1.0,Feminino
451496,13/11/2008,RN,101,SAO JOSE DE MIPIBU,Outras,Saída de Pista,Com Vítimas Feridas,Plena noite,Ceu Claro,Simples ,Rural ,Automóvel,Ferido Grave,26.0,Masculino
451496,13/11/2008,RN,101,SAO JOSE DE MIPIBU,Outras,Saída de Pista,Com Vítimas Feridas,Plena noite,Ceu Claro,Simples ,Rural ,Automóvel,Ferido Grave,25.0,Masculino
451507,15/11/2008,RN,101,PARNAMIRIM,Ultrapassagem indevida,Colisão lateral,Com Vítimas Feridas,Plena noite,Ceu Claro,Simples ,Urbano,Motocicletas,Ferido Grave,47.0,Masculino
451507,15/11/2008,RN,101,PARNAMIRIM,Ultrapassagem indevida,Colisão lateral,Com Vítimas Feridas,Plena noite,Ceu Claro,Simples ,Urbano,Automóvel,Ileso       ,26.0,Masculino
451608,14/11/2008,RN,101,NATAL,Falta de atenção,Colisão traseira,Sem Vítimas        ,Plena noite,Ceu Claro,Simples ,Urbano,Automóvel,Ileso       ,35.0,Masculino
451608,14/11/2008,RN,101,NATAL,Falta de atenção,Colisão traseira,Sem Vítimas        ,Plena noite,Ceu Claro,Simples ,Urbano,Automóvel,Ileso       ,53.0,Masculino
451608,14/11/2008,RN,101,NATAL,Falta de atenção,Colisão traseira,Sem Vítimas        ,Plena noite,Ceu Claro,Simples ,Urbano,Automóvel,Ileso       ,-1.0,Feminino
451642,17/11/2008,RN,304,MACAIBA,Outras,Saída de Pista,Sem Vítimas        ,Pleno dia,Ceu Claro,Dupla   ,Urbano,Automóvel,Ileso       ,22.0,Masculino
451656,14/11/2008,RN,101,NATAL,Falta de atenção,Colisão traseira,Sem Vítimas        ,Plena noite,Ceu Claro,Dupla   ,Urbano,Automóvel,Ileso       ,40.0,Masculino
451656,14/11/2008,RN,101,NATAL,Falta de atenção,Colisão traseira,Sem Vítimas        ,Plena noite,Ceu Claro,Dupla   ,Urbano,Automóvel,Ileso       ,28.0,Masculino
451673,17/11/2008,RN,101,SAO JOSE DE MIPIBU,Falta de atenção,Colisão traseira,Sem Vítimas        ,Pleno dia,Ceu Claro,Simples ,Rural ,Automóvel,Ileso       ,34.0,Masculino
451673,17/11/2008,RN,101,SAO JOSE DE MIPIBU,Falta de atenção,Colisão traseira,Sem Vítimas        ,Pleno dia,Ceu Claro,Simples ,Rural ,Caminhão-Trator,Ileso       ,25.0,Masculino
451680,15/11/2008,RN,101,PARNAMIRIM,Outras,Saída de Pista,Com Vítimas Feridas,Pleno dia,Sol,Múltipla,Urbano,Motocicletas,Ferido Grave,50.0,Masculino
451688,17/11/2008,RN,101,NATAL,Falta de atenção,Colisão traseira,Sem Vítimas        ,Pleno dia,Ceu Claro,Dupla   ,Urbano,Automóvel,Ileso       ,23.0,Masculino
451688,17/11/2008,RN,101,NATAL,Falta de atenção,Colisão traseira,Sem Vítimas        ,Pleno dia,Ceu Claro,Dupla   ,Urbano,Automóvel,Ignorado    ,-1.0,Inválido
451855,05/11/2008,RN,101,NATAL,Falta de atenção,Colisão traseira,Sem Vítimas        ,Plena noite,Ceu Claro,Dupla   ,Urbano,Automóvel,Ileso       ,24.0,Masculino
451855,05/11/2008,RN,101,NATAL,Falta de atenção,Colisão traseira,Sem Vítimas        ,Plena noite,Ceu Claro,Dupla   ,Urbano,Automóvel,Ileso       ,28.0,Masculino
451918,17/11/2008,RN,101,NATAL,Falta de atenção,Colisão traseira,Sem Vítimas        ,Pleno dia,Sol,Simples ,Urbano,Automóvel,Ileso       ,34.0,Masculino
451918,17/11/2008,RN,101,NATAL,Falta de atenção,Colisão traseira,Sem Vítimas        ,Pleno dia,Sol,Simples ,Urbano,Automóvel,Ileso       ,21.0,Masculino
451987,15/11/2008,RN,101,NATAL,Falta de atenção,Colisão traseira,Com Vítimas Feridas,Plena noite,Ceu Claro,Dupla   ,Urbano,Automóvel,Ileso       ,28.0,Masculino
451987,15/11/2008,RN,101,NATAL,Falta de atenção,Colisão traseira,Com Vítimas Feridas,Plena noite,Ceu Claro,Dupla   ,Urbano,Automóvel,Ferido Leve ,27.0,Feminino
451987,15/11/2008,RN,101,NATAL,Falta de atenção,Colisão traseira,Com Vítimas Feridas,Plena noite,Ceu Claro,Dupla   ,Urbano,Automóvel,Ferido Leve ,-1.0,Masculino
451987,15/11/2008,RN,101,NATAL,Falta de atenção,Colisão traseira,Com Vítimas Feridas,Plena noite,Ceu Claro,Dupla   ,Urbano,Automóvel,Ferido Leve ,22.0,Masculino
451987,15/11/2008,RN,101,NATAL,Falta de atenção,Colisão traseira,Com Vítimas Feridas,Plena noite,Ceu Claro,Dupla   ,Urbano,Automóvel,Ferido Leve ,25.0,Feminino
452007,15/11/2008,RN,101,NATAL,Falta de atenção,Colisão lateral,Sem Vítimas        ,Plena noite,Nublado,Dupla   ,Urbano,Caminhonete,Ileso       ,42.0,Masculino
452007,15/11/2008,RN,101,NATAL,Falta de atenção,Colisão lateral,Sem Vítimas        ,Plena noite,Nublado,Dupla   ,Urbano,Caminhonete,Ileso       ,39.0,Masculino
452020,15/11/2008,RN,226,NATAL,Ingestão de álcool,Atropelamento de pessoa,Com Vítimas Fatais ,Plena noite,Ceu Claro,Simples ,Urbano,Motocicletas,Ignorado    ,-1.0,Inválido
452020,15/11/2008,RN,226,NATAL,Ingestão de álcool,Atropelamento de pessoa,Com Vítimas Fatais ,Plena noite,Ceu Claro,Simples ,Urbano,(null),Morto       ,43.0,Masculino
452052,18/11/2008,RN,406,SAO GONCALO DO AMARANTE,Outras,Colisão traseira,Sem Vítimas        ,Plena noite,Ceu Claro,Simples ,Rural ,Camioneta,Ileso       ,44.0,Masculino