id,data_inversa,uf,br,municipio,causa_acidente,tipo_acidente,classificacao_acidente,fase_dia,condicao_metereologica,tipo_pista,uso_solo,tipo_veiculo,estado_fisico,idade,sexo
470805,21/12/2008,RN,304,MACAIBA,Desobediência à sinalização,Colisão Transversal,Com Vítimas Feridas,Pleno dia,Sol,Dupla   ,Rural ,Caminhão-Trator,Ileso       ,56.0,Masculino
470805,21/12/2008,RN,304,MACAIBA,Desobediência à sinalização,Colisão Transversal,Com Vítimas Feridas,Pleno dia,Sol,Dupla   ,Rural ,Motocicletas,Ferido Grave,47.0,Masculino
470810,29/12/2008,RN,101,NATAL,Outras,Colisão traseira,Sem Vítimas        ,Pleno dia,Sol,Dupla   ,Urbano,Automóvel,Ileso       ,21.0,Masculino
470810,29/12/2008,RN,101,NATAL,Outras,Colisão traseira,Sem Vítimas        ,Pleno dia,Sol,Dupla   ,Urbano,Utilitário,Ileso       ,57.0,Masculino
470824,29/12/2008,RN,427,SERRA NEGRA DO NORTE,Outras,Colisão com bicicleta,Com Vítimas Fatais ,Plena noite,Ceu Claro,Simples ,Rural ,Automóvel,Ferido Leve ,60.0,Masculino
470824,29/12/2008,RN,427,SERRA NEGRA DO NORTE,Outras,Colisão com bicicleta,Com Vítimas Fatais ,Plena noite,Ceu Claro,Simples ,Rural ,Bicicleta,Morto       ,57.0,Masculino
470886,26/12/2008,RN,226,MACAIBA,Outras,Colisão traseira,Com Vítimas Feridas,Anoitecer,Ceu Claro,Simples ,Urbano,Motocicletas,Ferido Grave,28.0,Masculino
470886,26/12/2008,RN,226,MACAIBA,Outras,Colisão traseira,Com Vítimas Feridas,Anoitecer,Ceu Claro,Simples ,Urbano,Carroça,Ferido Grave,13.0,Masculino
470916,30/12/2008,RN,101,PARNAMIRIM,Falta de atenção,Colisão traseira,Sem Vítimas        ,Pleno dia,Ceu Claro,Dupla   ,Urbano,Automóvel,Ileso       ,41.0,Masculino
470916,30/12/2008,RN,101,PARNAMIRIM,Falta de atenção,Colisão traseira,Sem Vítimas        ,Pleno dia,Ceu Claro,Dupla   ,Urbano,Automóvel,Ileso       ,39.0,Feminino
471068,30/12/2008,RN,304,MACAIBA,Falta de atenção,Colisão lateral,Com Vítimas Feridas,Pleno dia,Ceu Claro,Simples ,Rural ,Caminhonete,Ileso       ,41.0,Masculino
471068,30/12/2008,RN,304,MACAIBA,Falta de atenção,Colisão lateral,Com Vítimas Feridas,Pleno dia,Ceu Claro,Simples ,Rural ,Automóvel,Ileso       ,46.0,Masculino
471068,30/12/2008,RN,304,MACAIBA,Falta de atenção,Colisão lateral,Com Vítimas Feridas,Pleno dia,Ceu Claro,Simples ,Rural ,Automóvel,Ferido Leve ,35.0,Feminino
471093,30/12/2008,RN,406,CEARA-MIRIM,Falta de atenção,Colisão Transversal,Com Vítimas Feridas,Pleno dia,Ceu Claro,Simples ,Urbano,Caminhonete,Ileso       ,33.0,Masculino
471093,30/12/2008,RN,406,CEARA-MIRIM,Falta de atenção,Colisão Transversal,Com Vítimas Feridas,Pleno dia,Ceu Claro,Simples ,Urbano,Ciclomotor,Ferido Grave,50.0,Masculino
471127,11/08/2008,RN,101,NATAL,Outras,Colisão traseira,Com Vítimas Feridas,Pleno dia,Nublado,Dupla   ,Urbano,Camioneta,Ileso       ,29.0,Masculino
471127,11/08/2008,RN,101,NATAL,Outras,Colisão traseira,Com Vítimas Feridas,Pleno dia,Nublado,Dupla   ,Urbano,Motocicletas,Ferido Leve ,23.0,Masculino
471348,24/08/2008,RN,101,PARNAMIRIM,Outras,Colisão traseira,Com Vítimas Feridas,Plena noite,Ceu Claro,Dupla   ,Urbano,Motocicletas,Ferido Leve ,45.0,Masculino
471348,24/08/2008,RN,101,PARNAMIRIM,Outras,Colisão traseira,Com Vítimas Feridas,Plena noite,Ceu Claro,Dupla   ,Urbano,Automóvel,Ignorado    ,-1.0,Inválido
471361,31/12/2008,RN,427,JARDIM DO SERIDO,Outras,Saída de Pista,Com Vítimas Feridas,Pleno dia,Ceu Claro,Dupla   ,Urbano,Caminhão,Ferido Leve ,43.0,Masculino
471367,31/12/2008,RN,304,MOSSORO,Ultrapassagem indevida,Colisão frontal,Sem Vítimas        ,Pleno dia,Ceu Claro,Simples ,Rural ,Automóvel,Ileso       ,71.0,Masculino
471367,31/12/2008,RN,304,MOSSORO,Ultrapassagem indevida,Colisão frontal,Sem Vítimas        ,Pleno dia,Ceu Claro,Simples ,Rural ,Automóvel,Ileso       ,23.0,Masculino
471367,31/12/2008,RN,304,MOSSORO,Ultrapassagem indevida,Colisão frontal,Sem Vítimas        ,Pleno dia,Ceu Claro,Simples ,Rural ,Não identificado,Ileso       ,-1.0,Inválido
471393,27/12/2008,RN,101,NATAL,Desobediência à sinalização,Colisão traseira,Sem Vítimas        ,Plena noite,Ceu Claro,Dupla   ,Urbano,Automóvel,Ileso       ,23.0,Masculino
471393,27/12/2008,RN,101,NATAL,Desobediência à sinalização,Colisão traseira,Sem Vítimas        ,Plena noite,Ceu Claro,Dupla   ,Urbano,Automóvel,Ignorado    ,-1.0,Masculino
471393,27/12/2008,RN,101,NATAL,Desobediência à sinalização,Colisão traseira,Sem Vítimas        ,Plena noite,Ceu Claro,Dupla   ,Urbano,Caminhonete,Ileso       ,23.0,Masculino
471393,27/12/2008,RN,101,NATAL,Desobediência à sinalização,Colisão traseira,Sem Vítimas        ,Plena noite,Ceu Claro,Dupla   ,Urbano,Automóvel,Ileso       ,20.0,Masculino
471443,19/12/2008,RN,101,ARES,Outras,Saída de Pista,Sem Vítimas        ,Plena noite,Sol,Simples ,Rural ,Automóvel,Ileso       ,32.0,Masculino
471443,19/12/2008,RN,101,ARES,Outras,Saída de Pista,Sem Vítimas        ,Plena noite,Sol,Simples ,Rural ,Ônibus,Ileso       ,22.0,Masculino
471448,31/12/2008,RN,101,NATAL,Falta de atenção,Colisão lateral,Sem Vítimas        ,Pleno dia,Sol,Dupla   ,Urbano,Automóvel,Ileso       ,42.0,Masculino
471448,31/12/2008,RN,101,NATAL,Falta de atenção,Colisão lateral,Sem Vítimas        ,Pleno dia,Sol,Dupla   ,Urbano,Ônibus,Ignorado    ,-1.0,Inválido
471473,27/12/2008,RN,304,MACAIBA,Falta de atenção,Colisão traseira,Sem Vítimas        ,Pleno dia,Ceu Claro,Simples ,Urbano,Automóvel,Ileso       ,-1.0,Masculino
471473,27/12/2008,RN,304,MACAIBA,Falta de atenção,Colisão traseira,Sem Vítimas        ,Pleno dia,Ceu Claro,Simples ,Urbano,Automóvel,Ileso       ,32.0,Masculino
471473,27/12/2008,RN,304,MACAIBA,Falta de atenção,Colisão traseira,Sem Vítimas        ,Pleno dia,Ceu Claro,Simples ,Urbano,Camioneta,Ileso       ,28.0,Masculino
471492,23/12/2008,RN,226,NATAL,Outras,Colisão Transversal,Sem Vítimas        ,Pleno dia,Ceu Claro,Simples ,Urbano,Motocicletas,Ileso       ,35.0,Masculino
471492,23/12/2008,RN,226,NATAL,Outras,Colisão Transversal,Sem Vítimas        ,Pleno dia,Ceu Claro,Simples ,Urbano,Automóvel,Ileso       ,-1.0,Inválido
471501,31/12/2008,RN,304,LAJES,Não guardar distância de segurança,Colisão traseira,Sem Vítimas        ,Pleno dia,Ceu Claro,Simples ,Rural ,Automóvel,Ileso       ,44.0,Masculino
471501,31/12/2008,RN,304,LAJES,Não guardar distância de segurança,Colisão traseira,Sem Vítimas        ,Pleno dia,Ceu Claro,Simples ,Rural ,Automóvel,Ileso       ,26.0,Masculino
471501,31/12/2008,RN,304,LAJES,Não guardar distância de segurança,Colisão traseira,Sem Vítimas        ,Pleno dia,Ceu Claro,Simples ,Rural ,Automóvel,Ileso       ,26.0,Masculino
471595,31/12/2008,RN,304,MOSSORO,Desobediência à sinalização,Colisão lateral,Com Vítimas Feridas,Plena noite,Ceu Claro,Simples ,Urbano,Não identificado,Ignorado    ,-1.0,Inválido
471595,31/12/2008,RN,304,MOSSORO,Desobediência à sinalização,Colisão lateral,Com Vítimas Feridas,Plena noite,Ceu Claro,Simples ,Urbano,Motocicletas,Ferido Grave,27.0,Masculino
471800,25/12/2008,RN,304,SANTA MARIA,Outras,Colisão frontal,Com Vítimas Fatais ,Plena noite,Ceu Claro,Simples ,Rural ,Motocicletas,Morto       ,40.0,Masculino
471800,25/12/2008,RN,304,SANTA MARIA,Outras,Colisão frontal,Com Vítimas Fatais ,Plena noite,Ceu Claro,Simples ,Rural ,Camioneta,Ignorado    ,24.0,Masculino
471894,28/12/2008,RN,427,JARDIM DO SERIDO,Outras,Queda de motocicleta / bicicleta / veículo,Com Vítimas Feridas,Pleno dia,Sol,Simples ,Rural ,Motocicletas,Ferido Grave,38.0,Masculino
471939,13/12/2008,RN,101,PARNAMIRIM,Falta de atenção,Colisão traseira,Sem Vítimas        ,Plena noite,Ceu Claro,Múltipla,Urbano,Automóvel,Ileso       ,33.0,Masculino
471939,13/12/2008,RN,101,PARNAMIRIM,Falta de atenção,Colisão traseira,Sem Vítimas        ,Plena noite,Ceu Claro,Múltipla,Urbano,Automóvel,Ileso       ,40.0,Masculino
472043,25/12/2008,RN,101,EXTREMOZ,Outras,Saída de Pista,Com Vítimas Feridas,Plena noite,Ceu Claro,Simples ,Rural ,Automóvel,Ileso       ,43.0,Masculino
472043,25/12/2008,RN,101,EXTREMOZ,Outras,Saída de Pista,Com Vítimas Feridas,Plena noite,Ceu Claro,Simples ,Rural ,Automóvel,Ferido Leve ,-1.0,Feminino
472115,28/12/2008,RN,101,NATAL,Animais na Pista,Atropelamento de animal,Sem Vítimas        ,Plena noite,Ceu Claro,Dupla   ,Urbano,Automóvel,Ileso       ,22.0,Masculino
472141,27/12/2008,RN,101,NATAL,Defeito mecânico em veículo,Colisão traseira,Sem Vítimas        ,Pleno dia,Sol,Dupla   ,Urbano,Automóvel,Ileso       ,43.0,Masculino
472141,27/12/2008,RN,101,NATAL,Defeito mecânico em veículo,Colisão traseira,Sem Vítimas        ,Pleno dia,Sol,Dupla   ,Urbano,Caminhão,Ileso       ,57.0,Masculino
472197,29/12/2008,RN,304,MOSSORO,Falta de atenção,Colisão com bicicleta,Com Vítimas Feridas,Plena noite,Ceu Claro,Simples ,Urbano,Bicicleta,Ileso       ,60.0,Masculino
472197,29/12/2008,RN,304,MOSSORO,Falta de atenção,Colisão com bicicleta,Com Vítimas Feridas,Plena noite,Ceu Claro,Simples ,Urbano,Motoneta,Ferido Leve ,24.0,Masculino
472235,21/12/2008,RN,406,JOAO CAMARA,Dormindo,Saída de Pista,Com Vítimas Feridas,Pleno dia,Ceu Claro,Simples ,Rural ,Automóvel,Ileso       ,29.0,Feminino
472235,21/12/2008,RN,406,JOAO CAMARA,Dormindo,Saída de Pista,Com Vítimas Feridas,Pleno dia,Ceu Claro,Simples ,Rural ,Automóvel,Ferido Leve ,1.0,Masculino
472235,21/12/2008,RN,406,JOAO CAMARA,Dormindo,Saída de Pista,Com Vítimas Feridas,Pleno dia,Ceu Claro,Simples ,Rural ,Automóvel,Ferido Leve ,62.0,Feminino
472522,30/12/2008,RN,101,NATAL,Falta de atenção,Colisão traseira,Sem Vítimas        ,Pleno dia,Sol,Múltipla,Urbano,Automóvel,Ileso       ,60.0,Masculino
472522,30/12/2008,RN,101,NATAL,Falta de atenção,Colisão traseira,Sem Vítimas        ,Pleno dia,Sol,Múltipla,Urbano,Automóvel,Ileso       ,36.0,Feminino
472530,30/12/2008,RN,101,SAO JOSE DE MIPIBU,Falta de atenção,Atropelamento de pessoa,Com Vítimas Feridas,Plena noite,Ceu Claro,Simples ,Urbano,Camioneta,Ileso       ,53.0,Masculino
472530,30/12/2008,RN,101,SAO JOSE DE MIPIBU,Falta de atenção,Atropelamento de pessoa,Com Vítimas Feridas,Plena noite,Ceu Claro,Simples ,Urbano,(null),Ferido Grave,23.0,Feminino
472914,31/12/2008,RN,101,NATAL,Ingestão de álcool,Colisão lateral,Sem Vítimas        ,Plena noite,Ceu Claro,Dupla   ,Urbano,Automóvel,Ileso       ,35.0,Masculino
472914,31/12/2008,RN,101,NATAL,Ingestão de álcool,Colisão lateral,Sem Vítimas        ,Plena noite,Ceu Claro,Dupla   ,Urbano,Automóvel,Ileso       ,58.0,Feminino
472973,31/12/2008,RN,101,PARNAMIRIM,Falta de atenção,Colisão traseira,Sem Vítimas        ,Pleno dia,Sol,Dupla   ,Urbano,Camioneta,Ileso       ,40.0,Masculino
472973,31/12/2008,RN,101,PARNAMIRIM,Falta de atenção,Colisão traseira,Sem Vítimas        ,Pleno dia,Sol,Dupla   ,Urbano,Caminhonete,Ileso       ,63.0,Masculino
473234,28/12/2008,RN,101,NATAL,Dormindo,Colisão com objeto fixo,Sem Vítimas        ,Amanhecer,Nublado,Dupla   ,Urbano,Automóvel,Ileso       ,21.0,Masculino
473267,31/12/2008,RN,101,NATAL,Falta de atenção,Colisão traseira,Sem Vítimas        ,Pleno dia,Sol,Dupla   ,Urbano,Automóvel,Ileso       ,32.0,Masculino
473267,31/12/2008,RN,101,NATAL,Falta de atenção,Colisão traseira,Sem Vítimas        ,Pleno dia,Sol,Dupla   ,Urbano,Automóvel,Ileso       ,21.0,Masculino
473267,31/12/2008,RN,101,NATAL,Falta de atenção,Colisão traseira,Sem Vítimas        ,Pleno dia,Sol,Dupla   ,Urbano,Caminhão,Ileso       ,44.0,Masculino
473376,28/12/2008,RN,101,EXTREMOZ,Desobediência à sinalização,Colisão Transversal,Sem Vítimas        ,Pleno dia,Ceu Claro,Simples ,Rural ,Automóvel,Ignorado    ,-1.0,Inválido
473376,28/12/2008,RN,101,EXTREMOZ,Desobediência à sinalização,Colisão Transversal,Sem Vítimas        ,Pleno dia,Ceu Claro,Simples ,Rural ,Automóvel,Ileso       ,44.0,Masculino
474111,05/01/2008,RN,304,MOSSORO,Não guardar distância de segurança,Colisão traseira,Sem Vítimas        ,Pleno dia,Ceu Claro,Simples ,Rural ,Automóvel,Ileso       ,33.0,Masculino
474111,05/01/2008,RN,304,MOSSORO,Não guardar distância de segurança,Colisão traseira,Sem Vítimas        ,Pleno dia,Ceu Claro,Simples ,Rural ,Utilitário,Ileso       ,46.0,Feminino
474458,05/07/2008,RN,101,PARNAMIRIM,Outras,Atropelamento de pessoa,Com Vítimas Fatais ,Pleno dia,Ceu Claro,Dupla   ,Urbano,Caminhão,Ileso       ,52.0,Masculino
474458,05/07/2008,RN,101,PARNAMIRIM,Outras,Atropelamento de pessoa,Com Vítimas Fatais ,Pleno dia,Ceu Claro,Dupla   ,Urbano,(null),Morto       ,50.0,Masculino
474725,28/12/2008,RN,101,NATAL,Velocidade incompatível,Colisão com objeto fixo,Sem Vítimas        ,Pleno dia,Ceu Claro,Dupla   ,Urbano,Caminhonete,Ileso       ,55.0,Feminino
474759,19/05/2008,RN,101,NATAL,Desobediência à sinalização,Colisão Transversal,Sem Vítimas        ,Plena noite,Ceu Claro,Dupla   ,Urbano,Automóvel,Ileso       ,33.0,Masculino
474759,19/05/2008,RN,101,NATAL,Desobediência à sinalização,Colisão Transversal,Sem Vítimas        ,Plena noite,Ceu Claro,Dupla   ,Urbano,Automóvel,Ileso       ,-1.0,Masculino
474819,31/12/2008,RN,101,NATAL,Falta de atenção,Saída de Pista,Sem Vítimas        ,Anoitecer,Ceu Claro,Dupla   ,Urbano,Automóvel,Ileso       ,42.0,Masculino
475148,04/12/2008,RN,101,NATAL,Falta de atenção,Atropelamento de pessoa,Com Vítimas Feridas,Plena noite,Ceu Claro,Dupla   ,Urbano,Motocicletas,Ferido Leve ,23.0,Masculino
475148,04/12/2008,RN,101,NATAL,Falta de atenção,Atropelamento de pessoa,Com Vítimas Feridas,Plena noite,Ceu Claro,Dupla   ,Urbano,(null),Ferido Grave,35.0,Masculino
475148,04/12/2008,RN,101,NATAL,Falta de atenção,Atropelamento de pessoa,Com Vítimas Feridas,Plena noite,Ceu Claro,Dupla   ,Urbano,Automóvel,Ignorado    ,-1.0,Inválido
476469,30/11/2008,RN,101,NATAL,Outras,Atropelamento de pessoa,Com Vítimas Feridas,Anoitecer,Ceu Claro,Dupla   ,Urbano,(null),Ferido Grave,41.0,Masculino
476469,30/11/2008,RN,101,NATAL,Outras,Atropelamento de pessoa,Com Vítimas Feridas,Anoitecer,Ceu Claro,Dupla   ,Urbano,Automóvel,Ileso       ,57.0,Masculino
480596,28/09/2008,RN,101,NATAL,Outras,Colisão traseira,Com Vítimas Feridas,Pleno dia,Ceu Claro,Dupla   ,Urbano,Ônibus,Ileso       ,33.0,Masculino
480596,28/09/2008,RN,101,NATAL,Outras,Colisão traseira,Com Vítimas Feridas,Pleno dia,Ceu Claro,Dupla   ,Urbano,Ônibus,Ileso       ,54.0,Masculino
480596,28/09/2008,RN,101,NATAL,Outras,Colisão traseira,Com Vítimas Feridas,Pleno dia,Ceu Claro,Dupla   ,Urbano,Ônibus,Ignorado    ,-1.0,Inválido
480596,28/09/2008,RN,101,NATAL,Outras,Colisão traseira,Com Vítimas Feridas,Pleno dia,Ceu Claro,Dupla   ,Urbano,Ônibus,Ferido Leve ,-1.0,Masculino
480596,28/09/2008,RN,101,NATAL,Outras,Colisão traseira,Com Vítimas Feridas,Pleno dia,Ceu Claro,Dupla   ,Urbano,Ônibus,Ferido Leve ,-1.0,Feminino
480596,28/09/2008,RN,101,NATAL,Outras,Colisão traseira,Com Vítimas Feridas,Pleno dia,Ceu Claro,Dupla   ,Urbano,Ônibus,Ferido Leve ,-1.0,Feminino
480596,28/09/2008,RN,101,NATAL,Outras,Colisão traseira,Com Vítimas Feridas,Pleno dia,Ceu Claro,Dupla   ,Urbano,Ônibus,Ferido Leve ,16.0,Feminino
480643,21/12/2008,RN,101,SAO GONCALO DO AMARANTE,Não guardar distância de segurança,Colisão traseira,Com Vítimas Feridas,Pleno dia,Ceu Claro,Simples ,Urbano,Ônibus,Ileso       ,40.0,Masculino
480643,21/12/2008,RN,101,SAO GONCALO DO AMARANTE,Não guardar distância de segurança,Colisão traseira,Com Vítimas Feridas,Pleno dia,Ceu Claro,Simples ,Urbano,Motoneta,Ferido Grave,-1.0,Masculino
481129,20/01/2008,RN,304,SAO PEDRO,Ultrapassagem indevida,Colisão frontal,Com Vítimas Fatais ,Amanhecer,Sol,Simples ,Rural ,Camioneta,Ileso       ,26.0,Masculino
481129,20/01/2008,RN,304,SAO PEDRO,Ultrapassagem indevida,Colisão frontal,Com Vítimas Fatais ,Amanhecer,Sol,Simples ,Rural ,Camioneta,Ferido Leve ,-1.0,Masculino
481129,20/01/2008,RN,304,SAO PEDRO,Ultrapassagem indevida,Colisão frontal,Com Vítimas Fatais ,Amanhecer,Sol,Simples ,Rural ,Camioneta,Ferido Leve ,-1.0,Feminino
481129,20/01/2008,RN,304,SAO PEDRO,Ultrapassagem indevida,Colisão frontal,Com Vítimas Fatais ,Amanhecer,Sol,Simples ,Rural ,Camioneta,Ferido Leve ,-1.0,Feminino
481129,20/01/2008,RN,304,SAO PEDRO,Ultrapassagem indevida,Colisão frontal,Com Vítimas Fatais ,Amanhecer,Sol,Simples ,Rural ,Motocicletas,Morto       ,21.0,Masculino
481129,20/01/2008,RN,304,SAO PEDRO,Ultrapassagem indevida,Colisão frontal,Com Vítimas Fatais ,Amanhecer,Sol,Simples ,Rural ,Motocicletas,Morto       ,-1.0,Masculino
482303,17/10/2008,RN,406,GUAMARE,Falta de atenção,Colisão Transversal,Sem Vítimas        ,Plena noite,Ceu Claro,Simples ,Rural ,Automóvel,Ileso       ,34.0,Masculino
482303,17/10/2008,RN,406,GUAMARE,Falta de atenção,Colisão Transversal,Sem Vítimas        ,Plena noite,Ceu Claro,Simples ,Rural ,Caminhão,Ileso       ,-1.0,Masculino
482341,20/01/2008,RN,101,PARNAMIRIM,Outras,Colisão Transversal,Sem Vítimas        ,Pleno dia,Ceu Claro,Dupla   ,Urbano,Automóvel,Ileso       ,32.0,Feminino
482341,20/01/2008,RN,101,PARNAMIRIM,Outras,Colisão Transversal,Sem Vítimas        ,Pleno dia,Ceu Claro,Dupla   ,Urbano,Camioneta,Ileso       ,-1.0,Masculino
482757,08/12/2008,RN,101,NATAL,Falta de atenção,Colisão lateral,Sem Vítimas        ,Pleno dia,Ceu Claro,Dupla   ,Urbano,Automóvel,Ileso       ,23.0,Masculino
482757,08/12/2008,RN,101,NATAL,Falta de atenção,Colisão lateral,Sem Vítimas        ,Pleno dia,Ceu Claro,Dupla   ,Urbano,Semi-Reboque,Ileso       ,33.0,Masculino
483166,22/12/2008,RN,101,NATAL,Falta de atenção,Colisão com objeto fixo,Sem Vítimas        ,Plena noite,Ceu Claro,Simples ,Urbano,Automóvel,Ileso       ,-1.0,Masculino
483876,30/12/2008,RN,304,PARNAMIRIM,Outras,Colisão Transversal,Com Vítimas Fatais ,Anoitecer,Nublado,Dupla   ,Rural ,Caminhonete,Ignorado    ,-1.0,Inválido
483876,30/12/2008,RN,304,PARNAMIRIM,Outras,Colisão Transversal,Com Vítimas Fatais ,Anoitecer,Nublado,Dupla   ,Rural ,Bicicleta,Morto       ,48.0,Masculino
525809,25/08/2008,RN,406,TAIPU,Defeito mecânico em veículo,Saída de Pista,Com Vítimas Feridas,Pleno dia,Ceu Claro,Simples ,Rural ,Automóvel,Ileso       ,31.0,Masculino
525809,25/08/2008,RN,406,TAIPU,Defeito mecânico em veículo,Saída de Pista,Com Vítimas Feridas,Pleno dia,Ceu Claro,Simples ,Rural ,Automóvel,Ferido Leve ,29.0,Feminino
525809,25/08/2008,RN,406,TAIPU,Defeito mecânico em veículo,Saída de Pista,Com Vítimas Feridas,Pleno dia,Ceu Claro,Simples ,Rural ,Automóvel,Ferido Leve ,39.0,Feminino
525809,25/08/2008,RN,406,TAIPU,Defeito mecânico em veículo,Saída de Pista,Com Vítimas Feridas,Pleno dia,Ceu Claro,Simples ,Rural ,Automóvel,Ileso       ,-1.0,Masculino
554397,01/06/2008,RN,405,JOSE DA PENHA,Defeito na via,Tombamento,Com Vítimas Feridas,Plena noite,Nublado,Simples ,Rural ,Caminhão-Trator,Ferido Leve ,41.0,Masculino
554397,01/06/2008,RN,405,JOSE DA PENHA,Defeito na via,Tombamento,Com Vítimas Feridas,Plena noite,Nublado,Simples ,Rural ,Caminhão-Trator,Ileso       ,37.0,Masculino
554397,01/06/2008,RN,405,JOSE DA PENHA,Defeito na via,Tombamento,Com Vítimas Feridas,Plena noite,Nublado,Simples ,Rural ,Caminhão-Trator,Ileso       ,44.0,Masculino
560185,22/09/2008,RN,101,SAO JOSE DE MIPIBU,Falta de atenção,Colisão traseira,Com Vítimas Feridas,Pleno dia,Sol,Simples ,Urbano,Ônibus,Ileso       ,36.0,Masculino
560185,22/09/2008,RN,101,SAO JOSE DE MIPIBU,Falta de atenção,Colisão traseira,Com Vítimas Feridas,Pleno dia,Sol,Simples ,Urbano,Motoneta,Ferido Grave,50.0,Masculino
572171,21/08/2008,RN,226,CURRAIS NOVOS,Outras,Atropelamento de pessoa,Com Vítimas Feridas,Pleno dia,Sol,Simples ,Urbano,Caminhonete,Ileso       ,50.0,Masculino
572171,21/08/2008,RN,226,CURRAIS NOVOS,Outras,Atropelamento de pessoa,Com Vítimas Feridas,Pleno dia,Sol,Simples ,Urbano,Caminhonete,Ileso       ,45.0,Masculino
572171,21/08/2008,RN,226,CURRAIS NOVOS,Outras,Atropelamento de pessoa,Com Vítimas Feridas,Pleno dia,Sol,Simples ,Urbano,(null),Ferido Leve ,7.0,Masculino
587112,01/12/2008,RN,101,EXTREMOZ,Falta de atenção,Colisão frontal,Com Vítimas Fatais ,Plena noite,Ignorada,Simples ,Rural ,Automóvel,Ferido Grave,43.0,Masculino
587112,01/12/2008,RN,101,EXTREMOZ,Falta de atenção,Colisão frontal,Com Vítimas Fatais ,Plena noite,Ignorada,Simples ,Rural ,Automóvel,Morto       ,26.0,Masculino
587112,01/12/2008,RN,101,EXTREMOZ,Falta de atenção,Colisão frontal,Com Vítimas Fatais ,Plena noite,Ignorada,Simples ,Rural ,Automóvel,Morto       ,30.0,Masculino
587112,01/12/2008,RN,101,EXTREMOZ,Falta de atenção,Colisão frontal,Com Vítimas Fatais ,Plena noite,Ignorada,Simples ,Rural ,Automóvel,Ferido Grave,26.0,Masculino
587112,01/12/2008,RN,101,EXTREMOZ,Falta de atenção,Colisão frontal,Com Vítimas Fatais ,Plena noite,Ignorada,Simples ,Rural ,Motocicletas,Ferido Grave,34.0,Masculino
587112,01/12/2008,RN,101,EXTREMOZ,Falta de atenção,Colisão frontal,Com Vítimas Fatais ,Plena noite,Ignorada,Simples ,Rural ,Automóvel,Ferido Grave,9.0,Feminino
587112,01/12/2008,RN,101,EXTREMOZ,Falta de atenção,Colisão frontal,Com Vítimas Fatais ,Plena noite,Ignorada,Simples ,Rural ,Motocicletas,Morto       ,47.0,Masculino
587112,01/12/2008,RN,101,EXTREMOZ,Falta de atenção,Colisão frontal,Com Vítimas Fatais ,Plena noite,Ignorada,Simples ,Rural ,Automóvel,Ferido Grave,29.0,Feminino
587112,01/12/2008,RN,101,EXTREMOZ,Falta de atenção,Colisão frontal,Com Vítimas Fatais ,Plena noite,Ignorada,Simples ,Rural ,Automóvel,Ferido Grave,-1.0,Masculino
587112,01/12/2008,RN,101,EXTREMOZ,Falta de atenção,Colisão frontal,Com Vítimas Fatais ,Plena noite,Ignorada,Simples ,Rural ,Motocicletas,Ferido Grave,-1.0,Feminino
688538,26/08/2008,RN,406,TAIPU,Outras,Colisão com objeto fixo,Com Vítimas Feridas,Pleno dia,Chuva,Simples ,Rural ,Caminhão,Ferido Grave,46.0,Masculino
688538,26/08/2008,RN,406,TAIPU,Outras,Colisão com objeto fixo,Com Vítimas Feridas,Pleno dia,Chuva,Simples ,Rural ,Caminhão,Ferido Grave,47.0,Feminino
691867,30/03/2008,RN,110,MOSSORO,Não guardar distância de segurança,Colisão lateral,Com Vítimas Feridas,Pleno dia,Chuva,Dupla   ,Urbano,Motocicletas,Ferido Grave,59.0,Masculino
691867,30/03/2008,RN,110,MOSSORO,Não guardar distância de segurança,Colisão lateral,Com Vítimas Feridas,Pleno dia,Chuva,Dupla   ,Urbano,Motocicletas,Ferido Grave,29.0,Feminino
691867,30/03/2008,RN,110,MOSSORO,Não guardar distância de segurança,Colisão lateral,Com Vítimas Feridas,Pleno dia,Chuva,Dupla   ,Urbano,Automóvel,Ignorado    ,-1.0,Inválido
708512,12/05/2008,RN,101,RIO DO FOGO,Dormindo,Saída de Pista,Com Vítimas Feridas,Pleno dia,Ceu Claro,Simples ,Rural ,Caminhão,Ferido Grave,34.0,Masculino
708512,12/05/2008,RN,101,RIO DO FOGO,Dormindo,Saída de Pista,Com Vítimas Feridas,Pleno dia,Ceu Claro,Simples ,Rural ,Caminhão,Ignorado    ,39.0,Masculino
847846,25/04/2008,RN,226,CURRAIS NOVOS,Ultrapassagem indevida,Saída de Pista,Ignorado           ,Pleno dia,Nublado,Simples ,Rural ,Automóvel,Ignorado    ,-1.0,Inválido
847846,25/04/2008,RN,226,CURRAIS NOVOS,Ultrapassagem indevida,Saída de Pista,Ignorado           ,Pleno dia,Nublado,Simples ,Rural ,Automóvel,Ignorado    ,-1.0,Inválido
848375,14/05/2008,RN,304,FERNANDO PEDROZA,Falta de atenção,Colisão Transversal,Com Vítimas Fatais ,Plena noite,Ceu Claro,Simples ,Rural ,Caminhão-Trator,Ileso       ,36.0,Masculino
848375,14/05/2008,RN,304,FERNANDO PEDROZA,Falta de atenção,Colisão Transversal,Com Vítimas Fatais ,Plena noite,Ceu Claro,Simples ,Rural ,Ciclomotor,Morto       ,34.0,Masculino
944135,30/11/2008,RN,101,NATAL,Outras,Colisão traseira,Sem Vítimas        ,Pleno dia,Ceu Claro,Dupla   ,Rural ,Automóvel,Ileso       ,24.0,Masculino
944135,30/11/2008,RN,101,NATAL,Outras,Colisão traseira,Sem Vítimas        ,Pleno dia,Ceu Claro,Dupla   ,Rural ,Motocicletas,Ignorado    ,29.0,Masculino